name,data
inner,3.141592654
outer,18.84955592