AFFGEOID,Population (people),Color,Inset,Label,ALAND,AWATER,COUNTYNS,GEOID,DisplayName
0500000US45001,24295,,,ABB,1272184102,53221051,1245666,45001,Abbeville (0500000US45001)
0500000US22001,57576,,,ACA,1697073813,5934788,558389,22001,Acadia (0500000US22001)
0500000US51001,33413,,,ACC,1163725929,2229259960,1480091,51001,Accomack (0500000US51001)
0500000US16001,494967,,,ADA,2724705225,22159206,395066,16001,Ada (0500000US16001)
0500000US19001,7496,,,ADA,1474404201,2597996,465190,19001,Adair (0500000US19001)
0500000US21001,18903,,,ADA,1049690986,18403521,516847,21001,Adair (0500000US21001)
0500000US29001,25314,,,ADA,1469362059,5468507,765805,29001,Adair (0500000US29001)
0500000US40001,19495,,,ADA,1486337778,8872711,1101788,40001,Adair (0500000US40001)
0500000US08001,519572,,,ADA,3021840487,43702201,198116,8001,Adams (0500000US08001)
0500000US16003,4379,,,ADA,3529648934,17359846,395067,16003,Adams (0500000US16003)
0500000US17001,65737,,,ADA,2214826185,41754318,424202,17001,Adams (0500000US17001)
0500000US18001,35809,,,ADA,877815496,2693924,450401,18001,Adams (0500000US18001)
0500000US19003,3704,,,ADA,1096686256,5367875,465191,19003,Adams (0500000US19003)
0500000US28001,29538,,,ADA,1197464268,65273639,695726,28001,Adams (0500000US28001)
0500000US31001,31205,,,ADA,1458872834,2477681,835823,31001,Adams (0500000US31001)
0500000US38001,2200,,,ADA,2557733900,2894336,1034210,38001,Adams (0500000US38001)
0500000US39001,27477,,,ADA,1512221266,6250108,1074014,39001,Adams (0500000US39001)
0500000US42001,103852,,,ADA,1343400759,7771555,1213656,42001,Adams (0500000US42001)
0500000US53001,20613,,,ADA,4985698856,12464425,1531601,53001,Adams (0500000US53001)
0500000US55001,20654,,,ADA,1672216054,108348982,1581060,55001,Adams (0500000US55001)
0500000US50001,37363,,,ADD,1984788916,107311072,1461757,50001,Addison (0500000US50001)
0500000US45003,168808,,,AIK,2773070091,24554643,1247979,45003,Aiken (0500000US45003)
0500000US27001,15697,,,AIT,4717323601,449370012,663198,27001,Aitkin (0500000US27001)
0500000US12001,278468,,,ALA,2267905452,241297386,308548,12001,Alachua (0500000US12001)
0500000US37001,171415,,,ALA,1096736059,27940532,1008531,37001,Alamance (0500000US37001)
0500000US06001,1682353,,,ALA,1910017353,216902808,1675839,6001,Alameda (0500000US06001)
0500000US08003,16376,,,ALA,1871643028,1670455,198117,8003,Alamosa (0500000US08003)
0500000US36001,314848,,,ALB,1354273421,26971925,974099,36001,Albany (0500000US36001)
0500000US56001,37066,,,ALB,11070455491,89161376,1605066,56001,Albany (0500000US56001)
0500000US51003,112395,,,ALB,1866014147,14223772,1675170,51003,Albemarle (0500000US51003)
0500000US26001,10167,,,ALC,1747349242,2890404966,1622943,26001,Alcona (0500000US26001)
0500000US28003,34740,,,ALC,1036110409,3408033,711755,28003,Alcorn (0500000US28003)
0500000US17003,5240,,,ALE,609667767,44639203,424203,17003,Alexander (0500000US17003)
0500000US37003,36444,,,ALE,673358184,9445988,1008532,37003,Alexander (0500000US37003)
0500000US51005,15223,,,ALE,1156616591,8162741,1673675,51005,Alexandria (0500000US51005)
0500000US40003,5699,,,ALF,2244392662,38546676,1101789,40003,Alfalfa (0500000US40003)
0500000US26003,8842,,,ALG,2369927690,10703517569,1622944,26003,Alger (0500000US26003)
0500000US19005,14061,,,ALL,1655115641,51094064,465192,19005,Allamakee (0500000US19005)
0500000US26005,120502,,,ALL,2137395679,2610802947,1622945,26005,Allegan (0500000US26005)
0500000US24001,68106,,,ALL,1093489884,14710932,1713506,24001,Allegany (0500000US24001)
0500000US36003,46456,,,ALL,2666225086,12989848,974100,36003,Allegany (0500000US36003)
0500000US37005,10888,,,ALL,608220280,3687222,1008533,37005,Alleghany (0500000US37005)
0500000US51007,13265,,,ALL,920379345,8188217,1497770,51007,Alleghany (0500000US51007)
0500000US42003,1250578,,,ALL,1890571830,37043982,1213657,42003,Allegheny (0500000US42003)
0500000US18003,385410,,,ALL,1702400299,7053646,450402,18003,Allen (0500000US18003)
0500000US20001,12526,,,ALL,1295764235,13021929,484970,20001,Allen (0500000US20001)
0500000US21003,20588,,,ALL,891838778,19482100,516848,21003,Allen (0500000US21003)
0500000US22003,22750,,,ALL,1973788820,10457653,558397,22003,Allen (0500000US22003)
0500000US39003,102206,,,ALL,1042587389,11152061,1074015,39003,Allen (0500000US39003)
0500000US45005,8039,,,ALL,1056960693,11194313,1247980,45005,Allendale (0500000US45005)
0500000US26007,28907,,,ALP,1481205162,2908633230,1622946,26007,Alpena (0500000US26007)
0500000US06003,1204,,,ALP,1912292607,12557304,1675840,6003,Alpine (0500000US06003)
0500000US06005,40474,,,AMA,1539965777,29438413,1675841,6005,Amador (0500000US06005)
0500000US51009,31307,,,AME,1227554631,12898694,1480095,51009,Amelia (0500000US51009)
0500000US51011,16119,,,AMH,865635017,3206454,1497238,51011,Amherst (0500000US51011)
0500000US28005,12720,,,AMI,1890950868,3877823,695727,28005,Amite (0500000US28005)
0500000US20003,7836,,,AND,1501264009,10599659,484971,20003,Anderson (0500000US20003)
0500000US21005,23852,,,AND,523612175,5473039,516849,21005,Anderson (0500000US21005)
0500000US45007,203718,,,AND,1848876945,108544449,1247981,45007,Anderson (0500000US45007)
0500000US47001,77123,,,AND,873352611,19665031,1639722,47001,Anderson (0500000US47001)
0500000US48001,57922,,,AND,2752164826,39845046,1383786,48001,Anderson (0500000US48001)
0500000US29003,18135,,,AND,1120510438,9677371,758456,29003,Andrew (0500000US29003)
0500000US48003,18610,,,AND,3886850259,957039,1383787,48003,Andrews (0500000US48003)
0500000US23001,111139,,,AND,1211993472,75543630,581286,23001,Androscoggin (0500000US23001)
0500000US48005,86395,,,ANG,2066460812,173300091,1383788,48005,Angelina (0500000US48005)
0500000US24003,588261,,,ANN,1074353889,448032843,1710958,24003,Anne Arundel (0500000US24003)
0500000US27003,363887,,,ANO,1092881706,62440664,659447,27003,Anoka (0500000US27003)
0500000US37007,22055,,,ANS,1376478143,14603213,1008534,37007,Anson (0500000US37007)
0500000US31003,6295,,,ANT,2220025614,3716675,835824,31003,Antelope (0500000US31003)
0500000US26009,23431,,,ANT,1232002675,326536774,1622947,26009,Antrim (0500000US26009)
0500000US04001,66021,,,APA,29003491828,54145120,25441,4001,Apache (0500000US04001)
0500000US19007,12317,,,APP,1287997902,49093607,465193,19007,Appanoose (0500000US19007)
0500000US13001,18444,,,APP,1316372081,10379206,349113,13001,Appling (0500000US13001)
0500000US51013,238643,,,APP,67332990,273562,1480097,51013,Appomattox (0500000US51013)
0500000US48007,23830,,,ARA,652856780,714538201,1383789,48007,Aransas (0500000US48007)
0500000US08005,655070,,,ARA,2066438714,19801968,198118,8005,Arapahoe (0500000US08005)
0500000US48009,8560,,,ARC,2339508155,57767717,1383790,48009,Archer (0500000US48009)
0500000US08007,13359,,,ARC,3496712164,13740247,198119,8007,Archuleta (0500000US08007)
0500000US26011,15002,,,ARE,940627660,822313309,1622948,26011,Arenac (0500000US26011)
0500000US05001,17149,,,ARK,2569632263,120698185,63755,5001,Arkansas (0500000US05001)
0500000US51015,77487,,,ARL,2504708861,9537137,1480098,51015,Arlington (0500000US51015)
0500000US42005,65558,,,ARM,1692093647,27586728,1213658,42005,Armstrong (0500000US42005)
0500000US48011,1848,,,ARM,2354617585,12183672,1383791,48011,Armstrong (0500000US48011)
0500000US23003,67105,,,ARO,17278035039,404869424,581287,23003,Aroostook (0500000US23003)
0500000US31005,434,,,ART,1852234549,7644718,835825,31005,Arthur (0500000US31005)
0500000US22005,126500,,,ASC,751016878,32969822,558403,22005,Ascension (0500000US22005)
0500000US37009,26577,,,ASH,1104018852,8062960,1008535,37009,Ashe (0500000US37009)
0500000US39005,52447,,,ASH,1095530837,9966470,1074016,39005,Ashland (0500000US39005)
0500000US55003,16027,,,ASH,2706458787,3230728318,1581061,55003,Ashland (0500000US55003)
0500000US05003,19062,,,ASH,2397012349,38656004,63756,5003,Ashley (0500000US05003)
0500000US39007,97574,,,ASH,1818345034,1724513202,1074017,39007,Ashtabula (0500000US39007)
0500000US53003,22285,,,ASO,1647427905,11291731,1533502,53003,Asotin (0500000US53003)
0500000US22007,21039,,,ASS,891009958,67104891,558414,22007,Assumption (0500000US22007)
0500000US48013,48981,,,ATA,3158596616,4995711,1383792,48013,Atascosa (0500000US48013)
0500000US20005,16348,,,ATC,1116736555,6851102,484972,20005,Atchison (0500000US20005)
0500000US29005,5305,,,ATC,1417462629,7359186,758457,29005,Atchison (0500000US29005)
0500000US39009,62431,,,ATH,1304431981,12361693,1074018,39009,Athens (0500000US39009)
0500000US13003,8286,,,ATK,887636774,4701677,345784,13003,Atkinson (0500000US13003)
0500000US34001,274534,,,ATL,1438775279,301270067,882270,34001,Atlantic (0500000US34001)
0500000US40005,14143,,,ATO,2526393953,37287797,1101790,40005,Atoka (0500000US40005)
0500000US28007,17889,,,ATT,1903529295,4425860,695728,28007,Attala (0500000US28007)
0500000US29007,24962,,,AUD,1792918159,11843439,758458,29007,Audrain (0500000US29007)
0500000US19009,5674,,,AUD,1147264573,1152260,465194,19009,Audubon (0500000US19009)
0500000US39011,46422,,,AUG,1039590217,1339586,1074019,39011,Auglaize (0500000US39011)
0500000US51017,4209,,,AUG,1370626043,14039993,1673638,51017,Augusta (0500000US51017)
0500000US46003,2747,,,AUR,1834902863,11201379,1266983,46003,Aurora (0500000US46003)
0500000US48015,30167,,,AUS,1674415877,25596214,1383793,48015,Austin (0500000US48015)
0500000US01001,58805,,,AUT,1539634184,25674812,161526,1001,Autauga (0500000US01001)
0500000US37011,17806,,,AVE,640602137,445285,1008536,37011,Avery (0500000US37011)
0500000US22009,39693,,,AVO,2154720636,87260610,558424,22009,Avoyelles (0500000US22009)
0500000US08009,3506,,,BAC,6617400567,6142192,198120,8009,Baca (0500000US08009)
0500000US13005,11140,,,BAC,735770219,4506310,344784,13005,Bacon (0500000US13005)
0500000US48017,6904,,,BAI,2141847187,1775275,1383794,48017,Bailey (0500000US48017)
0500000US12003,28259,,,BAK,1515738971,9686120,306920,12003,Baker (0500000US12003)
0500000US13007,2876,,,BAK,885665381,18598653,342832,13007,Baker (0500000US13007)
0500000US41001,16668,,,BAK,7945996788,51832631,1135845,41001,Baker (0500000US41001)
0500000US01003,231767,,,BAL,4117656514,1132955729,161527,1003,Baldwin (0500000US01003)
0500000US13009,43799,,,BAL,670025212,24806035,345255,13009,Baldwin (0500000US13009)
0500000US21007,7728,,,BAL,639538865,70070118,516850,21007,Ballard (0500000US21007)
0500000US24005,854535,,,BAL,1549740652,215957832,1695314,24005,Baltimore (0500000US24005)
0500000US24009,92783,,,BAL,552158542,341580668,1676636,24009,Baltimore (0500000US24009)
0500000US45009,13311,,,BAM,1018815104,5686290,1247982,45009,Bamberg (0500000US45009)
0500000US48019,20851,,,BAN,2048663887,17291422,1383795,48019,Bandera (0500000US48019)
0500000US13011,18035,,,BAN,602473937,4635947,349230,13011,Banks (0500000US13011)
0500000US31007,674,,,BAN,1932231568,392073,835826,31007,Banner (0500000US31007)
0500000US16005,87018,,,BAN,2881336418,92076090,395091,16005,Bannock (0500000US16005)
0500000US26013,8158,,,BAR,2326915078,441618719,1622949,26013,Baraga (0500000US26013)
0500000US20007,4228,,,BAR,2937240779,5411508,484973,20007,Barber (0500000US20007)
0500000US01005,25223,,,BAR,2292160149,50523213,161528,1005,Barbour (0500000US01005)
0500000US54001,15465,,,BAR,883338376,4639586,1696996,54001,Barbour (0500000US54001)
0500000US38003,10853,,,BAR,3863120986,56577967,1034225,38003,Barnes (0500000US38003)
0500000US25001,228996,,,BAR,1021007945,2360328047,606927,25001,Barnstable (0500000US25001)
0500000US45011,20589,,,BAR,1420294945,23008122,1247983,45011,Barnwell (0500000US45011)
0500000US21009,44485,,,BAR,1262839457,32153759,516851,21009,Barren (0500000US21009)
0500000US55005,46711,,,BAR,2235281410,69194516,1581062,55005,Barron (0500000US55005)
0500000US13013,83505,,,BAR,417082921,4909580,356976,13013,Barrow (0500000US13013)
0500000US26015,62423,,,BAR,1432533250,61999499,1622950,26015,Barry (0500000US26015)
0500000US29009,34534,,,BAR,2015326676,32912693,758459,29009,Barry (0500000US29009)
0500000US18005,82208,,,BAR,1053968851,6715105,451683,18005,Bartholomew (0500000US18005)
0500000US20009,25493,,,BAR,2318705423,13926862,484974,20009,Barton (0500000US20009)
0500000US29011,11637,,,BAR,1533351028,12152201,758460,29011,Barton (0500000US29011)
0500000US13015,108901,,,BAR,1188568881,27370205,351604,13015,Bartow (0500000US13015)
0500000US48021,97216,,,BAS,2300500048,19009784,1383796,48021,Bastrop (0500000US48021)
0500000US29013,16042,,,BAT,2167033438,38030738,758461,29013,Bates (0500000US29013)
0500000US21011,12750,,,BAT,722081417,13486211,516852,21011,Bath (0500000US21011)
0500000US51019,79462,,,BAT,1968660755,42062887,1674818,51019,Bath (0500000US51019)
0500000US05005,41627,,,BAX,1434660641,84907080,69895,5005,Baxter (0500000US05005)
0500000US12005,175216,,,BAY,1964874033,1833915193,295738,12005,Bay (0500000US12005)
0500000US26017,103856,,,BAY,1145834939,487713370,1622951,26017,Bay (0500000US26017)
0500000US55007,16220,,,BAY,3827681907,1460296066,1581063,55007,Bayfield (0500000US55007)
0500000US48023,3465,,,BAY,2246764590,86991035,1383797,48023,Baylor (0500000US48023)
0500000US46005,19149,,,BEA,3260011987,15834230,1266986,46005,Beadle (0500000US46005)
0500000US16007,6372,,,BEA,2527123155,191364281,395090,16007,Bear Lake (0500000US16007)
0500000US37013,44652,,,BEA,2156776424,336988229,1026333,37013,Beaufort (0500000US37013)
0500000US45013,187117,,,BEA,1491948052,899854741,1247984,45013,Beaufort (0500000US45013)
0500000US22011,36549,,,BEA,2997852789,21944259,558436,22011,Beauregard (0500000US22011)
0500000US40007,5049,,,BEA,4700407073,7347161,1101791,40007,Beaver (0500000US40007)
0500000US42007,168215,,,BEA,1125854819,24162295,1214112,42007,Beaver (0500000US42007)
0500000US49001,7072,,,BEA,6689681850,5298466,1448015,49001,Beaver (0500000US49001)
0500000US30001,9371,,,BEA,14355492120,78345288,1719627,30001,Beaverhead (0500000US30001)
0500000US27005,35183,,,BEC,3405929361,336990104,659448,27005,Becker (0500000US27005)
0500000US40009,22410,,,BEC,2335328724,5521744,1101792,40009,Beckham (0500000US40009)
0500000US42009,47577,,,BED,2621693106,12005858,1209171,42009,Bedford (0500000US42009)
0500000US47003,50237,,,BED,1226719748,2980759,1639723,47003,Bedford (0500000US47003)
0500000US51021,6270,,,BED,926311265,2547191,1494613,51021,Bedford (0500000US51021)
0500000US48025,31047,,,BEE,2279809487,246409,1383798,48025,Bee (0500000US48025)
0500000US33001,63705,,,BEL,1040779615,176541257,873174,33001,Belknap (0500000US33001)
0500000US21013,24097,,,BEL,929999513,5288008,516853,21013,Bell (0500000US21013)
0500000US48027,370647,,,BEL,2729408790,94385005,1383799,48027,Bell (0500000US48027)
0500000US39013,66497,,,BEL,1378201570,23693388,1065575,39013,Belmont (0500000US39013)
0500000US27007,46228,,,BEL,6487154459,1426287777,659449,27007,Beltrami (0500000US27007)
0500000US13017,17194,,,BEN,647802123,9814374,351606,13017,Ben Hill (0500000US13017)
0500000US16009,9530,,,BEN,2012242914,18803193,395190,16009,Benewah (0500000US16009)
0500000US46007,3381,,,BEN,3068208303,15044356,1265812,46007,Bennett (0500000US46007)
0500000US50003,37347,,,BEN,1746264292,6898408,1461758,50003,Bennington (0500000US50003)
0500000US38005,5964,,,BEN,3596341058,131678182,1034216,38005,Benson (0500000US38005)
0500000US08011,5650,,,BEN,3918255148,73141518,198121,8011,Bent (0500000US08011)
0500000US05007,284333,,,BEN,2195587038,94813175,69896,5007,Benton (0500000US05007)
0500000US18007,8719,,,BEN,1052616458,236033,450403,18007,Benton (0500000US18007)
0500000US19011,25575,,,BEN,1854696287,5857896,465195,19011,Benton (0500000US19011)
0500000US27009,41379,,,BEN,1057483361,12286984,659450,27009,Benton (0500000US27009)
0500000US28009,7646,,,BEN,1053131418,5279184,695729,28009,Benton (0500000US28009)
0500000US29015,19394,,,BEN,1823437752,125605711,758462,29015,Benton (0500000US29015)
0500000US41003,95184,,,BEN,1748781823,7670893,1155126,41003,Benton (0500000US41003)
0500000US47005,15864,,,BEN,1021248371,108583505,1639724,47005,Benton (0500000US47005)
0500000US53005,206873,,,BEN,4403309851,154293639,1513302,53005,Benton (0500000US53005)
0500000US26019,17970,,,BEN,828014457,1398245676,1622952,26019,Benzie (0500000US26019)
0500000US34003,955732,,,BER,602918747,35387155,882271,34003,Bergen (0500000US34003)
0500000US45015,229861,,,BER,2858362715,337375088,1247985,45015,Berkeley (0500000US45015)
0500000US54003,122076,,,BER,831767529,1060958,1550008,54003,Berkeley (0500000US54003)
0500000US42011,428849,,,BER,2218072313,24220127,1209172,42011,Berks (0500000US42011)
0500000US25003,129026,,,BER,2400592216,50709699,606928,25003,Berkshire (0500000US25003)
0500000US35001,676444,,,BER,3007611393,15882874,1702363,35001,Bernalillo (0500000US35001)
0500000US13019,18160,,,BER,1174239566,11671125,326638,13019,Berrien (0500000US13019)
0500000US26021,154316,,,BER,1470545556,2625448034,1622953,26021,Berrien (0500000US26021)
0500000US37015,17934,,,BER,1810858588,109120751,1026334,37015,Bertie (0500000US37015)
0500000US48029,2009324,,,BEX,3212426745,40788666,1383800,48029,Bexar (0500000US48029)
0500000US01007,22293,,,BIB,1612188717,9572303,161529,1007,Bibb (0500000US01007)
0500000US13021,157346,,,BIB,645898113,14305197,1672039,13021,Bibb (0500000US13021)
0500000US22013,12981,,,BIE,2101370397,27972980,558445,22013,Bienville (0500000US22013)
0500000US30003,13124,,,BIG,12944280256,47395459,1716521,30003,Big Horn (0500000US30003)
0500000US56003,11521,,,BIG,8124681753,55228616,1605067,56003,Big Horn (0500000US56003)
0500000US27011,5166,,,BIG,1292831731,74957179,659451,27011,Big Stone (0500000US27011)
0500000US38007,945,,,BIL,2974571272,11986463,1035616,38007,Billings (0500000US38007)
0500000US16011,47992,,,BIN,5422741967,68632371,400593,16011,Bingham (0500000US16011)
0500000US19013,131144,,,BLA,1465303204,17928724,465196,19013,Black Hawk (0500000US19013)
0500000US18009,12112,,,BLA,427559406,1298757,450404,18009,Blackford (0500000US18009)
0500000US37017,29606,,,BLA,2266321541,33022256,1026336,37017,Bladen (0500000US37017)
0500000US16013,24272,,,BLA,6831709646,44656616,395696,16013,Blaine (0500000US16013)
0500000US30005,7044,,,BLA,10949218328,29079295,1722470,30005,Blaine (0500000US30005)
0500000US31009,431,,,BLA,1840681023,9443894,835827,31009,Blaine (0500000US31009)
0500000US40011,8735,,,BLA,2404772749,26855431,1101793,40011,Blaine (0500000US40011)
0500000US42013,122822,,,BLA,1360458062,3294803,1213659,42013,Blair (0500000US42013)
0500000US48031,11374,,,BLA,1836953735,10813161,1383801,48031,Blanco (0500000US48031)
0500000US51023,33596,,,BLA,1401898974,12126225,1674418,51023,Bland (0500000US51023)
0500000US13023,12583,,,BLE,559122125,8425420,347451,13023,Bleckley (0500000US13023)
0500000US47007,14913,,,BLE,1052973468,858669,1639725,47007,Bledsoe (0500000US47007)
0500000US01009,59134,,,BLO,1670259090,14860281,161530,1009,Blount (0500000US01009)
0500000US47009,135280,,,BLO,1447336316,20159163,1639726,47009,Blount (0500000US47009)
0500000US27013,69112,,,BLU,1936920234,45966374,659452,27013,Blue Earth (0500000US27013)
0500000US16015,7610,,,BOI,4919826444,19104286,395157,16015,Boise (0500000US16015)
0500000US28011,30985,,,BOL,2270141682,81446732,695730,28011,Bolivar (0500000US28011)
0500000US29017,10567,,,BOL,1600364576,8530122,758463,29017,Bollinger (0500000US29017)
0500000US46009,7003,,,BON,1459586268,46799495,1266997,46009,Bon Homme (0500000US46009)
0500000US17005,16725,,,BON,985065094,6462629,424204,17005,Bond (0500000US17005)
0500000US16017,47110,,,BON,4489020246,478920605,395158,16017,Bonner (0500000US16017)
0500000US16019,123964,,,BON,4832868277,88859669,395407,16019,Bonneville (0500000US16019)
0500000US05009,37373,,,BOO,1527375338,31797989,69897,5009,Boone (0500000US05009)
0500000US17007,53448,,,BOO,727114618,3360626,424205,17007,Boone (0500000US17007)
0500000US18011,70812,,,BOO,1095260003,876741,450405,18011,Boone (0500000US18011)
0500000US19015,26715,,,BOO,1477550747,8144400,465197,19015,Boone (0500000US19015)
0500000US21015,135968,,,BOO,637882941,26460891,516854,21015,Boone (0500000US21015)
0500000US29019,183610,,,BOO,1775574758,14221557,758464,29019,Boone (0500000US29019)
0500000US31011,5379,,,BOO,1778138691,1745891,835828,31011,Boone (0500000US31011)
0500000US54005,21809,,,BOO,1298967362,4305989,1550009,54005,Boone (0500000US54005)
0500000US48033,631,,,BOR,2324366072,22297606,1383802,48033,Borden (0500000US48033)
0500000US48035,18235,,,BOS,2545908129,50666116,1383803,48035,Bosque (0500000US48035)
0500000US22015,128746,,,BOS,2174347389,70950350,558453,22015,Bossier (0500000US22015)
0500000US51025,15849,,,BOT,1466538252,8383474,1493961,51025,Botetourt (0500000US51025)
0500000US38009,6379,,,BOT,4322321796,74690378,1034227,38009,Bottineau (0500000US38009)
0500000US08013,330758,,,BOU,1881325109,36485630,198122,8013,Boulder (0500000US08013)
0500000US16021,12056,,,BOU,3285862966,24278846,395159,16021,Boundary (0500000US16021)
0500000US20011,14360,,,BOU,1645836643,9402853,484975,20011,Bourbon (0500000US20011)
0500000US21017,20252,,,BOU,750439787,4829339,516855,21017,Bourbon (0500000US21017)
0500000US48037,92893,,,BOW,2291982022,98385599,1383804,48037,Bowie (0500000US48037)
0500000US38011,2993,,,BOW,3009070657,13583664,1035619,38011,Bowman (0500000US38011)
0500000US31013,10842,,,BOX,2785180098,6588657,835991,31013,Box Butte (0500000US31013)
0500000US49003,57666,,,BOX,14881028167,2547651538,1455966,49003,Box Elder (0500000US49003)
0500000US21019,48261,,,BOY,414054165,5569239,516856,21019,Boyd (0500000US21019)
0500000US31015,1810,,,BOY,1398424239,11893569,835829,31015,Boyd (0500000US31015)
0500000US21021,30614,,,BOY,467104135,6450463,516857,21021,Boyle (0500000US21021)
0500000US21023,8400,,,BRA,525033511,16146675,516858,21023,Bracken (0500000US21023)
0500000US12007,28303,,,BRA,761368537,16898784,303634,12007,Bradford (0500000US12007)
0500000US42015,59967,,,BRA,2971688854,35331261,1213660,42015,Bradford (0500000US42015)
0500000US05011,10545,,,BRA,1681335016,9505606,63757,5011,Bradley (0500000US05011)
0500000US47011,108620,,,BRA,851489194,6959141,1639727,47011,Bradley (0500000US47011)
0500000US26023,44862,,,BRA,1311597696,34428004,1622954,26023,Branch (0500000US26023)
0500000US13025,18021,,,BRA,1147972258,10291563,351605,13025,Brantley (0500000US13025)
0500000US54007,12447,,,BRA,1322796522,14344826,1550010,54007,Braxton (0500000US54007)
0500000US48039,372031,,,BRA,3530999266,635436647,1383805,48039,Brazoria (0500000US48039)
0500000US48041,233849,,,BRA,1518090938,13210254,1383806,48041,Brazos (0500000US48041)
0500000US21025,13718,,,BRE,1275352777,7384544,516859,21025,Breathitt (0500000US21025)
0500000US21027,20432,,,BRE,1475798321,40885738,516860,21027,Breckinridge (0500000US21027)
0500000US19017,24988,,,BRE,1127885578,10166468,465198,19017,Bremer (0500000US19017)
0500000US12009,606612,,,BRE,2628764720,1403938853,295749,12009,Brevard (0500000US12009)
0500000US48043,9546,,,BRE,16015871248,22062518,1383807,48043,Brewster (0500000US48043)
0500000US48045,1435,,,BRI,2330991073,4068657,1383808,48045,Briscoe (0500000US48045)
0500000US25005,579200,,,BRI,1432553805,357457333,606929,25005,Bristol (0500000US25005)
0500000US44001,50793,,,BRI,62500772,53359134,1219777,44001,Bristol (0500000US44001)
0500000US51027,20355,,,BRI,1302386895,2804450,1497431,51027,Bristol (0500000US51027)
0500000US30007,6774,,,BRO,3088195855,118487318,1719625,30007,Broadwater (0500000US30007)
0500000US36005,1472654,,,BRO,109233466,39353304,974101,36005,Bronx (0500000US36005)
0500000US54009,22559,,,BRO,231015795,8732461,1558262,54009,Brooke (0500000US54009)
0500000US46011,34375,,,BRO,2051833296,32942236,1265779,46011,Brookings (0500000US46011)
0500000US13027,16301,,,BRO,1277341275,11955761,345518,13027,Brooks (0500000US13027)
0500000US48047,7076,,,BRO,2443277014,741627,1383809,48047,Brooks (0500000US48047)
0500000US36007,198683,,,BRO,1827594819,25109986,974102,36007,Broome (0500000US36007)
0500000US08014,74112,,,BRO,85386685,1502572,1945881,8014,Broomfield (0500000US08014)
0500000US12011,1944375,,,BRO,3115343227,273469971,295753,12011,Broward (0500000US12011)
0500000US17009,6244,,,BRO,791828626,4144346,424206,17009,Brown (0500000US17009)
0500000US18013,15475,,,BRO,808043850,12025990,451684,18013,Brown (0500000US18013)
0500000US20013,9508,,,BRO,1478550074,3196147,484976,20013,Brown (0500000US20013)
0500000US27015,25912,,,BRO,1582765944,18533953,659453,27015,Brown (0500000US27015)
0500000US31017,2903,,,BRO,3163296263,9814399,835830,31017,Brown (0500000US31017)
0500000US39015,43676,,,BRO,1267911780,8879057,1074020,39015,Brown (0500000US39015)
0500000US46013,38301,,,BRO,4436728205,46414569,1265785,46013,Brown (0500000US46013)
0500000US48049,38095,,,BRO,2446120247,32375524,1383810,48049,Brown (0500000US48049)
0500000US55009,268740,,,BRO,1372931376,221810753,1581064,55009,Brown (0500000US55009)
0500000US46015,5247,,,BRU,2116594506,75770744,1265768,46015,Brule (0500000US46015)
0500000US37019,136693,,,BRU,2201703877,516599618,1026340,37019,Brunswick (0500000US37019)
0500000US51029,16824,,,BRU,1501215440,9911855,1501502,51029,Brunswick (0500000US51029)
0500000US13029,44738,,,BRY,1133284235,43751265,350496,13029,Bryan (0500000US13029)
0500000US40013,46067,,,BRY,2342004810,102054256,1101794,40013,Bryan (0500000US40013)
0500000US19019,20565,,,BUC,1479086713,5223043,465199,19019,Buchanan (0500000US19019)
0500000US29021,84793,,,BUC,1057361277,17942874,758465,29021,Buchanan (0500000US29021)
0500000US51031,55696,,,BUC,1303300984,8894442,1674917,51031,Buchanan (0500000US51031)
0500000US51033,30887,,,BUC,1365863858,24927342,1480107,51033,Buckingham (0500000US51033)
0500000US42017,646538,,,BUC,1565303838,45293815,1209173,42017,Bucks (0500000US42017)
0500000US19021,20823,,,BUE,1488981867,13798140,465200,19021,Buena Vista (0500000US19021)
0500000US51035,29155,,,BUE,1229582400,7586185,1480108,51035,Buena Vista (0500000US51035)
0500000US31019,50084,,,BUF,2507679099,18593333,835831,31019,Buffalo (0500000US31019)
0500000US46017,1948,,,BUF,1220933806,42362357,1265767,46017,Buffalo (0500000US46017)
0500000US55011,13317,,,BUF,1750290818,87549529,1581065,55011,Buffalo (0500000US55011)
0500000US21029,82217,,,BUL,769361418,8320138,516861,21029,Bullitt (0500000US21029)
0500000US13031,81099,,,BUL,1750735217,32827779,350302,13031,Bulloch (0500000US13031)
0500000US01011,10357,,,BUL,1613083467,6030667,161531,1011,Bullock (0500000US01011)
0500000US37021,269452,,,BUN,1700318978,8942802,1008538,37021,Buncombe (0500000US37021)
0500000US17011,33244,,,BUR,2250884554,11523914,424207,17011,Bureau (0500000US17011)
0500000US13033,24596,,,BUR,2142023426,20571289,347944,13033,Burke (0500000US13033)
0500000US37023,87570,,,BUR,1311146879,20719897,1008539,37023,Burke (0500000US37023)
0500000US38013,2201,,,BUR,2858360401,65734594,1034235,38013,Burke (0500000US38013)
0500000US38015,98458,,,BUR,4228659157,92691317,1035614,38015,Burleigh (0500000US38015)
0500000US48051,17642,,,BUR,1707015709,46043236,1383811,48051,Burleson (0500000US48051)
0500000US34005,461860,,,BUR,2070137466,54133685,882272,34005,Burlington (0500000US34005)
0500000US48053,49130,,,BUR,2576525880,69856136,1383812,48053,Burnet (0500000US48053)
0500000US55013,16526,,,BUR,2127832847,151938079,1581066,55013,Burnett (0500000US55013)
0500000US31021,6722,,,BUR,1273201340,14186270,835832,31021,Burt (0500000US31021)
0500000US01013,19051,,,BUT,2012002546,2701199,161532,1013,Butler (0500000US01013)
0500000US19023,14334,,,BUT,1502550829,4194983,465201,19023,Butler (0500000US19023)
0500000US20015,67380,,,BUT,3702922899,43565303,484977,20015,Butler (0500000US20015)
0500000US21031,12371,,,BUT,1103571982,13943050,516862,21031,Butler (0500000US21031)
0500000US29023,42130,,,BUT,1799410880,11191324,758466,29023,Butler (0500000US29023)
0500000US31023,8369,,,BUT,1514867108,15326897,835833,31023,Butler (0500000US31023)
0500000US39017,390357,,,BUT,1208290720,9175913,1074021,39017,Butler (0500000US39017)
0500000US42019,193763,,,BUT,2044759924,15994811,1213661,42019,Butler (0500000US42019)
0500000US06007,211632,,,BUT,4238488701,105260548,1675842,6007,Butte (0500000US06007)
0500000US16023,2574,,,BUT,5792474008,5259978,401703,16023,Butte (0500000US16023)
0500000US46019,10243,,,BUT,5827498555,42750488,1265793,46019,Butte (0500000US46019)
0500000US13035,25434,,,BUT,475754793,11269640,352295,13035,Butts (0500000US13035)
0500000US37025,225804,,,CAB,935587398,6985702,1008540,37025,Cabarrus (0500000US37025)
0500000US54011,94350,,,CAB,727845449,18114546,1550012,54011,Cabell (0500000US54011)
0500000US49005,133154,,,CAC,3016627500,21097698,1448017,49005,Cache (0500000US49005)
0500000US22017,237848,,,CAD,2277812586,149099519,558458,22017,Caddo (0500000US22017)
0500000US40015,26945,,,CAD,3309366441,32099077,1101795,40015,Caddo (0500000US40015)
0500000US06009,45292,,,CAL,2641837359,43789489,1675885,6009,Calaveras (0500000US06009)
0500000US22019,216785,,,CAL,2755960140,77912357,558468,22019,Calcasieu (0500000US22019)
0500000US21033,12649,,,CAL,893002029,8697603,516863,21033,Caldwell (0500000US21033)
0500000US22021,9645,,,CAL,1372098436,29104196,558477,22021,Caldwell (0500000US22021)
0500000US29025,8815,,,CAL,1104350514,8402217,758467,29025,Caldwell (0500000US29025)
0500000US37027,80652,,,CAL,1222184252,7052759,1008541,37027,Caldwell (0500000US37027)
0500000US48055,45883,,,CAL,1410354029,4946188,1383813,48055,Caldwell (0500000US48055)
0500000US50005,30233,,,CAL,1681454163,22351438,1461759,50005,Caledonia (0500000US50005)
0500000US01015,116441,,,CAL,1569246126,16536293,161533,1015,Calhoun (0500000US01015)
0500000US05013,4739,,,CAL,1628067881,9885352,63758,5013,Calhoun (0500000US05013)
0500000US12013,13648,,,CAL,1469394597,18070425,306919,12013,Calhoun (0500000US12013)
0500000US13037,5573,,,CAL,726191502,8271470,344074,13037,Calhoun (0500000US13037)
0500000US17013,4437,,,CAL,657415184,77051402,424208,17013,Calhoun (0500000US17013)
0500000US19025,9927,,,CAL,1475894578,5873827,465202,19025,Calhoun (0500000US19025)
0500000US26025,134310,,,CAL,1829210175,31256789,1622955,26025,Calhoun (0500000US26025)
0500000US28013,13266,,,CAL,1519218292,3590388,695731,28013,Calhoun (0500000US28013)
0500000US45017,14119,,,CAL,987179024,29351080,1247986,45017,Calhoun (0500000US45017)
0500000US48057,20106,,,CAL,1312960774,1361631001,1383814,48057,Calhoun (0500000US48057)
0500000US54013,6229,,,CAL,723253605,3703371,1696945,54013,Calhoun (0500000US54013)
0500000US48059,13708,,,CAL,2329363242,4898783,1383815,48059,Callahan (0500000US48059)
0500000US29027,44283,,,CAL,2161518051,33189585,758468,29027,Callaway (0500000US29027)
0500000US21035,37103,,,CAL,997224714,66474183,516864,21035,Calloway (0500000US21035)
0500000US55015,52442,,,CAL,824263566,204161565,1581067,55015,Calumet (0500000US55015)
0500000US24011,33293,,,CAL,827350254,16777066,595737,24011,Calvert (0500000US24011)
0500000US16025,1077,,,CAM,2782253888,11548054,399408,16025,Camas (0500000US16025)
0500000US42021,133472,,,CAM,1780643391,13523237,1213662,42021,Cambria (0500000US42021)
0500000US13039,54768,,,CAM,1632622505,392508756,1671316,13039,Camden (0500000US13039)
0500000US29029,42745,,,CAM,1699124111,136304759,758469,29029,Camden (0500000US29029)
0500000US34007,523485,,,CAM,573325497,15688953,882273,34007,Camden (0500000US34007)
0500000US37029,10355,,,CAM,622438924,181122666,1026335,37029,Camden (0500000US37029)
0500000US22023,5617,,,CAM,3327199807,1688890197,558488,22023,Cameron (0500000US22023)
0500000US42023,4547,,,CAM,1026239931,5653230,1213663,42023,Cameron (0500000US42023)
0500000US48061,421017,,,CAM,2309530382,996407283,1383816,48061,Cameron (0500000US48061)
0500000US48063,12464,,,CAM,507242364,19129375,1383817,48063,Camp (0500000US48063)
0500000US21037,93076,,,CAM,391968586,20892233,516865,21037,Campbell (0500000US21037)
0500000US46021,1377,,,CAM,1900214169,96243697,1266974,46021,Campbell (0500000US46021)
0500000US47013,39272,,,CAM,1243685304,46425147,1639728,47013,Campbell (0500000US47013)
0500000US51036,6773,,,CAM,473711548,55274680,1480109,51036,Campbell (0500000US51036)
0500000US56005,47026,,,CAM,12437291885,11010427,1605068,56005,Campbell (0500000US56005)
0500000US40017,154405,,,CAN,2322112746,23146755,1101796,40017,Canadian (0500000US40017)
0500000US13043,10981,,,CAN,629520841,15018189,342852,13043,Candler (0500000US13043)
0500000US47015,14506,,,CAN,687992379,156144,1648572,47015,Cannon (0500000US47015)
0500000US16027,231105,,,CAN,1520451457,43117849,399406,16027,Canyon (0500000US16027)
0500000US29031,81710,,,CAP,1498351219,20284964,758470,29031,Cape Girardeau (0500000US29031)
0500000US34009,95263,,,CAP,651437935,955149083,882274,34009,Cape May (0500000US34009)
0500000US30009,10473,,,CAR,5303728455,35213028,1720111,30009,Carbon (0500000US30009)
0500000US42025,64749,,,CAR,987623689,15827992,1213664,42025,Carbon (0500000US42025)
0500000US49007,20412,,,CAR,3831067718,15844443,1448018,49007,Carbon (0500000US49007)
0500000US56007,14537,,,CAR,20455215119,171386122,1605069,56007,Carbon (0500000US56007)
0500000US16029,7027,,,CAR,4569240776,89216879,395406,16029,Caribou (0500000US16029)
0500000US21039,4826,,,CAR,490647294,24707972,516866,21039,Carlisle (0500000US21039)
0500000US27017,36207,,,CAR,2230473968,36173451,659454,27017,Carlton (0500000US27017)
0500000US24013,172891,,,CAR,1159355859,13112464,1696228,24013,Caroline (0500000US24013)
0500000US51037,11529,,,CAR,1231010116,5809378,1492442,51037,Caroline (0500000US51037)
0500000US05015,28260,,,CAR,1631531435,22705630,66975,5015,Carroll (0500000US05015)
0500000US13045,119148,,,CAR,1292752874,12024409,326650,13045,Carroll (0500000US13045)
0500000US17015,15702,,,CAR,1153597401,55881822,424209,17015,Carroll (0500000US17015)
0500000US18015,20306,,,CAR,964057413,7236323,450406,18015,Carroll (0500000US18015)
0500000US19027,20760,,,CAR,1474877210,2145349,465203,19027,Carroll (0500000US19027)
0500000US21041,10810,,,CAR,333273743,22243659,516867,21041,Carroll (0500000US21041)
0500000US24015,103725,,,CAR,896912533,185281256,596115,24015,Carroll (0500000US24015)
0500000US28015,9998,,,CAR,1627517127,16050556,695732,28015,Carroll (0500000US28015)
0500000US29033,8495,,,CAR,1799061890,17533392,758471,29033,Carroll (0500000US29033)
0500000US33003,50107,,,CAR,2413515434,159620276,873175,33003,Carroll (0500000US33003)
0500000US39019,26721,,,CAR,1022040910,11183048,1074022,39019,Carroll (0500000US39019)
0500000US47017,28440,,,CAR,1547925981,6308712,1639729,47017,Carroll (0500000US47017)
0500000US51041,364548,,,CAR,1096874571,34967238,1480111,51041,Carroll (0500000US51041)
0500000US48065,5807,,,CAR,2383397227,10026604,1383818,48065,Carson (0500000US48065)
0500000US32001,25516,,,CAR,12820847811,190742991,858638,32001,Carson City (0500000US32001)
0500000US21043,26627,,,CAR,1060592683,6783009,516868,21043,Carter (0500000US21043)
0500000US29035,5202,,,CAR,1314052440,4304986,758472,29035,Carter (0500000US29035)
0500000US30011,1415,,,CAR,8651796246,19503322,1688746,30011,Carter (0500000US30011)
0500000US40019,48003,,,CAR,2129500591,29983177,1101797,40019,Carter (0500000US40019)
0500000US47019,56356,,,CAR,883854986,16670131,1639730,47019,Carter (0500000US47019)
0500000US37031,67686,,,CAR,1314688730,2131061851,1026337,37031,Carteret (0500000US37031)
0500000US27019,106922,,,CAR,916911956,56672020,659455,27019,Carver (0500000US27019)
0500000US30013,84414,,,CAS,6988324590,34310133,1719622,30013,Cascade (0500000US30013)
0500000US21045,15941,,,CAS,1150573335,3890643,516869,21045,Casey (0500000US21045)
0500000US17017,13042,,,CAS,973198204,20569928,424210,17017,Cass (0500000US17017)
0500000US18017,37870,,,CAS,1067448391,7002041,450339,18017,Cass (0500000US18017)
0500000US19029,13127,,,CAS,1461422457,1787165,465204,19029,Cass (0500000US19029)
0500000US26027,51589,,,CAS,1269375088,47139869,1622956,26027,Cass (0500000US26027)
0500000US27021,30066,,,CAS,5235592066,1016598358,659456,27021,Cass (0500000US27021)
0500000US29037,107824,,,CAS,1804223313,14963188,758473,29037,Cass (0500000US29037)
0500000US31025,26598,,,CAS,1443520798,22130961,835834,31025,Cass (0500000US31025)
0500000US38017,184525,,,CAS,4571159454,7449198,1034226,38017,Cass (0500000US38017)
0500000US48067,28454,,,CAS,2426683491,60494144,1383819,48067,Cass (0500000US48067)
0500000US16031,24655,,,CAS,6644897880,39158534,395698,16031,Cassia (0500000US16031)
0500000US48069,7371,,,CAS,2316600393,12557414,1383820,48069,Castro (0500000US48069)
0500000US37033,22736,,,CAS,1101694783,8641803,1008542,37033,Caswell (0500000US37033)
0500000US22025,8906,,,CAT,1833776037,81356082,558495,22025,Catahoula (0500000US22025)
0500000US37035,160610,,,CAT,1039553243,37942736,1008543,37035,Catawba (0500000US37035)
0500000US13047,67872,,,CAT,419998923,771159,353230,13047,Catoosa (0500000US13047)
0500000US35003,3579,,,CAT,17933561654,14193499,929108,35003,Catron (0500000US35003)
0500000US36009,77042,,,CAT,3388125876,36783591,974103,36009,Cattaraugus (0500000US36009)
0500000US38019,3704,,,CAV,3856816541,53639348,1035304,38019,Cavalier (0500000US38019)
0500000US36011,76248,,,CAY,1791201989,445696708,974104,36011,Cayuga (0500000US36011)
0500000US24017,166617,,,CEC,1185757843,479438830,1676992,24017,Cecil (0500000US24017)
0500000US19031,18505,,,CED,1500798731,6385833,465205,19031,Cedar (0500000US19031)
0500000US29039,14188,,,CED,1228870903,62637821,758474,29039,Cedar (0500000US29039)
0500000US31027,8380,,,CED,1917222688,14511196,835835,31027,Cedar (0500000US31027)
0500000US42027,158172,,,CEN,2871539708,11177389,1214720,42027,Centre (0500000US42027)
0500000US19033,43127,,,CER,1471889949,17659669,465206,19033,Cerro Gordo (0500000US19033)
0500000US08015,19476,,,CHA,2624715692,3999975,198123,8015,Chaffee (0500000US08015)
0500000US01017,34772,,,CHA,1545085601,16971700,161534,1017,Chambers (0500000US01017)
0500000US48071,46571,,,CHA,1546471847,709789835,1383821,48071,Chambers (0500000US48071)
0500000US17019,205865,,,CHA,2579898012,6110542,424211,17019,Champaign (0500000US17019)
0500000US39021,38714,,,CHA,1111077538,2173115,1074023,39021,Champaign (0500000US39021)
0500000US29041,7408,,,CHA,1945541996,40353306,758475,29041,Chariton (0500000US29041)
0500000US24019,32531,,,CHA,1400573746,1145353068,596495,24019,Charles (0500000US24019)
0500000US51043,14783,,,CHA,455729730,5685740,1690562,51043,Charles City (0500000US51043)
0500000US46023,9373,,,CHA,2842481168,136616766,1266976,46023,Charles Mix (0500000US46023)
0500000US45019,408235,,,CHA,2377554561,1139619648,1252740,45019,Charleston (0500000US45019)
0500000US26029,26054,,,CHA,1078288793,2522931117,1622957,26029,Charlevoix (0500000US26029)
0500000US12015,186847,,,CHA,1764089884,689239393,295742,12015,Charlotte (0500000US12015)
0500000US51045,4892,,,CHA,849770438,2793174,1673664,51045,Charlotte (0500000US51045)
0500000US51047,52552,,,CHA,982089165,9005141,1497831,51047,Charlottesville (0500000US51047)
0500000US13049,12518,,,CHA,2020415648,5963237,357747,13049,Charlton (0500000US13049)
0500000US20017,2572,,,CHA,2002198770,12091093,484978,20017,Chase (0500000US20017)
0500000US31029,3893,,,CHA,2316533441,7978172,835836,31029,Chase (0500000US31029)
0500000US13051,295291,,,CHA,1121786258,509839331,1694477,13051,Chatham (0500000US13051)
0500000US37037,76285,,,CHA,1765540362,70582736,1008544,37037,Chatham (0500000US37037)
0500000US13053,9565,,,CHA,644225830,6277089,351012,13053,Chattahoochee (0500000US13053)
0500000US13055,24965,,,CHA,811512398,570806,352213,13055,Chattooga (0500000US13055)
0500000US20019,3379,,,CHA,1654694134,15243776,484979,20019,Chautauqua (0500000US20019)
0500000US36013,127657,,,CHA,2746454150,1139025723,974105,36013,Chautauqua (0500000US36013)
0500000US35005,65157,,,CHA,15713914833,20472234,1702364,35005,Chaves (0500000US35005)
0500000US47021,41072,,,CHE,783480108,11821692,1639731,47021,Cheatham (0500000US47021)
0500000US26031,25579,,,CHE,1852564001,440607445,1622958,26031,Cheboygan (0500000US26031)
0500000US53007,79074,,,CHE,7565814941,189653434,1531932,53007,Chelan (0500000US53007)
0500000US36015,84148,,,CHE,1054988440,8875327,974106,36015,Chemung (0500000US36015)
0500000US36017,47220,,,CHE,2314393901,13046917,974107,36017,Chenango (0500000US36017)
0500000US01019,24971,,,CHE,1433620850,120310807,161535,1019,Cherokee (0500000US01019)
0500000US13057,266620,,,CHE,1090597336,34427735,1685718,13057,Cherokee (0500000US13057)
0500000US19035,11658,,,CHE,1494181141,423160,465207,19035,Cherokee (0500000US19035)
0500000US20021,19362,,,CHE,1521791029,8951464,484980,20021,Cherokee (0500000US20021)
0500000US37039,28774,,,CHE,1179845613,28813485,1008545,37039,Cherokee (0500000US37039)
0500000US40021,47078,,,CHE,1940228933,69661251,1101798,40021,Cherokee (0500000US40021)
0500000US45021,56216,,,CHE,1017770812,11691708,1247987,45021,Cherokee (0500000US45021)
0500000US48073,50412,,,CHE,2727141726,23873001,1383822,48073,Cherokee (0500000US48073)
0500000US31031,5455,,,CHE,15436903463,127452902,835837,31031,Cherry (0500000US31031)
0500000US51049,9675,,,CHE,770454314,5917833,1494109,51049,Chesapeake (0500000US51049)
0500000US33005,76458,,,CHE,1830367250,57589052,873176,33005,Cheshire (0500000US33005)
0500000US42029,534413,,,CHE,1943905797,22412288,1209174,42029,Chester (0500000US42029)
0500000US45023,32294,,,CHE,1503905790,14249301,1247988,45023,Chester (0500000US45023)
0500000US47023,17341,,,CHE,740053474,575590,1639732,47023,Chester (0500000US47023)
0500000US45025,43273,,,CHE,2069364013,17265236,1247989,45025,Chesterfield (0500000US45025)
0500000US51051,14124,,,CHE,855863023,8079112,1497376,51051,Chesterfield (0500000US51051)
0500000US08017,1748,,,CHE,4605713960,8166129,198124,8017,Cheyenne (0500000US08017)
0500000US20023,2616,,,CHE,2641501921,2738021,484981,20023,Cheyenne (0500000US20023)
0500000US31033,9468,,,CHE,3097646971,292549,835838,31033,Cheyenne (0500000US31033)
0500000US19037,12012,,,CHI,1306192614,3455451,465208,19037,Chickasaw (0500000US19037)
0500000US28017,17106,,,CHI,1299608408,6380767,695733,28017,Chickasaw (0500000US28017)
0500000US05017,10208,,,CHI,1649764677,140413175,69160,5017,Chicot (0500000US05017)
0500000US48075,6664,,,CHI,1803954626,44560655,1383823,48075,Childress (0500000US48075)
0500000US01021,45014,,,CHI,1794438835,20592116,161536,1021,Chilton (0500000US01021)
0500000US26033,36785,,,CHI,4036515583,2952489040,1622959,26033,Chippewa (0500000US26033)
0500000US27023,12598,,,CHI,1505378148,17239137,659457,27023,Chippewa (0500000US27023)
0500000US55017,66297,,,CHI,2611628507,85233303,1581068,55017,Chippewa (0500000US55017)
0500000US27025,56621,,,CHI,1074584695,71183782,659458,27025,Chisago (0500000US27025)
0500000US50007,168323,,,CHI,1390433437,217071279,1461760,50007,Chittenden (0500000US50007)
0500000US01023,12665,,,CHO,2365900081,19114321,161537,1023,Choctaw (0500000US01023)
0500000US28019,8246,,,CHO,1083125335,4295085,695734,28019,Choctaw (0500000US28019)
0500000US40023,14204,,,CHO,1995267314,75490278,1101799,40023,Choctaw (0500000US40023)
0500000US30015,5895,,,CHO,10288778621,62611691,1719619,30015,Chouteau (0500000US30015)
0500000US37041,13708,,,CHO,447179939,157966156,1025822,37041,Chowan (0500000US37041)
0500000US17021,34032,,,CHR,1837569688,16227346,424212,17021,Christian (0500000US17021)
0500000US21047,72748,,,CHR,1858342356,16919159,516870,21047,Christian (0500000US21047)
0500000US29043,88842,,,CHR,1457206780,3049205,758476,29043,Christian (0500000US29043)
0500000US32003,2265461,,,CHU,20439308565,438384090,863600,32003,Churchill (0500000US32003)
0500000US35006,27172,,,CIB,11758505167,5554598,933051,35006,Cibola (0500000US35006)
0500000US40025,2296,,,CIM,4752131817,15923999,1101800,40025,Cimarron (0500000US40025)
0500000US12017,153843,,,CIT,1507163436,981145546,295752,12017,Citrus (0500000US12017)
0500000US41005,421401,,,CLA,4845042011,31861237,1155127,41005,Clackamas (0500000US41005)
0500000US22027,14170,,,CLA,1954908518,32473223,558505,22027,Claiborne (0500000US22027)
0500000US28021,9135,,,CLA,1262400025,35711134,695735,28021,Claiborne (0500000US28021)
0500000US47025,32043,,,CLA,1125619421,18052387,1639733,47025,Claiborne (0500000US47025)
0500000US53009,77155,,,CLA,4503412739,2409309960,1531341,53009,Clallam (0500000US53009)
0500000US26035,30856,,,CLA,1461703751,28496979,1622960,26035,Clare (0500000US26035)
0500000US45027,31144,,,CLA,1572656992,229097204,1247990,45027,Clarendon (0500000US45027)
0500000US42031,37241,,,CLA,1556156259,23331583,1210234,42031,Clarion (0500000US42031)
0500000US05019,21446,,,CLA,2242855171,43965580,66845,5019,Clark (0500000US05019)
0500000US16033,790,,,CLA,4566524477,2476453,399755,16033,Clark (0500000US16033)
0500000US17023,15455,,,CLA,1298554904,8771353,424213,17023,Clark (0500000US17023)
0500000US18019,121093,,,CLA,965623783,9734469,450340,18019,Clark (0500000US18019)
0500000US20025,1991,,,CLA,2524300310,6603384,484982,20025,Clark (0500000US20025)
0500000US21049,36972,,,CLA,653939116,6912639,516871,21049,Clark (0500000US21049)
0500000US29045,6634,,,CLA,1306924727,18695976,758477,29045,Clark (0500000US29045)
0500000US32005,49488,,,CLA,1840147662,72317573,858643,32005,Clark (0500000US32005)
0500000US39023,136001,,,CLA,1027907500,14611224,1074024,39023,Clark (0500000US39023)
0500000US46025,3837,,,CLA,2479944305,25864874,1266985,46025,Clark (0500000US46025)
0500000US53011,503311,,,CLA,1627792396,70200672,1531820,53011,Clark (0500000US53011)
0500000US55019,34659,,,CLA,3133102168,23238832,1581069,55019,Clark (0500000US55019)
0500000US01025,23087,,,CLA,3207494086,36657889,161538,1025,Clarke (0500000US01025)
0500000US13059,128671,,,CLA,308784927,4688313,1672699,13059,Clarke (0500000US13059)
0500000US19039,9748,,,CLA,1116573604,1524746,465209,19039,Clarke (0500000US19039)
0500000US28023,15615,,,CLA,1791173034,5073931,695736,28023,Clarke (0500000US28023)
0500000US51053,27947,,,CLA,1305057845,8988308,1690739,51053,Clarke (0500000US51053)
0500000US41007,41072,,,CLA,2144846710,661654767,1135846,41007,Clatsop (0500000US41007)
0500000US01027,14236,,,CLA,1564255426,5281616,161539,1027,Clay (0500000US01027)
0500000US05021,14552,,,CLA,1655581940,5497697,63759,5021,Clay (0500000US05021)
0500000US12019,218245,,,CLA,1565900895,100869769,295726,12019,Clay (0500000US12019)
0500000US13061,2848,,,CLA,506093894,56546964,344805,13061,Clay (0500000US13061)
0500000US17025,13288,,,CLA,1213023039,3064499,424214,17025,Clay (0500000US17025)
0500000US18021,26466,,,CLA,926180620,7047383,450341,18021,Clay (0500000US18021)
0500000US19041,16384,,,CLA,1469139465,13866648,465625,19041,Clay (0500000US19041)
0500000US20027,8117,,,CLA,1671315258,26701337,484983,20027,Clay (0500000US20027)
0500000US21051,20345,,,CLA,1215472461,4752686,516872,21051,Clay (0500000US21051)
0500000US27027,65318,,,CLA,2706993093,19303394,659459,27027,Clay (0500000US27027)
0500000US28025,18636,,,CLA,1062082196,15376919,695737,28025,Clay (0500000US28025)
0500000US29047,253335,,,CLA,1029941235,28508804,758478,29047,Clay (0500000US29047)
0500000US31035,6104,,,CLA,1482222887,3234876,835839,31035,Clay (0500000US31035)
0500000US37043,11089,,,CLA,556804503,15017755,1008546,37043,Clay (0500000US37043)
0500000US46027,14967,,,CLA,1067154437,13955918,1265764,46027,Clay (0500000US46027)
0500000US47027,7581,,,CLA,612626871,59070611,1648573,47027,Clay (0500000US47027)
0500000US48077,10218,,,CLA,2819871858,72506860,1383824,48077,Clay (0500000US48077)
0500000US54015,8051,,,CLA,885617417,4862288,1550014,54015,Clay (0500000US54015)
0500000US13063,297595,,,CLA,366879097,6962586,1672399,13063,Clayton (0500000US13063)
0500000US19043,17043,,,CLA,2016295985,36695624,465210,19043,Clayton (0500000US19043)
0500000US08019,9397,,,CLE,1023234052,3274910,198125,8019,Clear Creek (0500000US08019)
0500000US42033,80562,,,CLE,2966379119,23934013,1209175,42033,Clearfield (0500000US42033)
0500000US16035,8734,,,CLE,6364412864,79592497,395697,16035,Clearwater (0500000US16035)
0500000US27029,8524,,,CLE,2586947405,80206137,659460,27029,Clearwater (0500000US27029)
0500000US01029,15056,,,CLE,1450666453,2352217,161540,1029,Cleburne (0500000US01029)
0500000US05023,24711,,,CLE,1434747664,98885396,66983,5023,Cleburne (0500000US05023)
0500000US39025,208601,,,CLE,1172125418,19874912,1074025,39025,Clermont (0500000US39025)
0500000US05025,7550,,,CLE,1548589574,2561701,63760,5025,Cleveland (0500000US05025)
0500000US37045,99519,,,CLE,1202400603,10177696,1008547,37045,Cleveland (0500000US37045)
0500000US40027,295528,,,CLE,1395706470,49267976,1101801,40027,Cleveland (0500000US40027)
0500000US13065,6749,,,CLI,2110829175,23303279,351285,13065,Clinch (0500000US13065)
0500000US17027,36899,,,CLI,1227502167,75634262,424215,17027,Clinton (0500000US17027)
0500000US18023,33190,,,CLI,1049119194,461117,450342,18023,Clinton (0500000US18023)
0500000US19045,46460,,,CLI,1799934695,39410955,465211,19045,Clinton (0500000US19045)
0500000US21053,9253,,,CLI,510875757,21152699,516873,21053,Clinton (0500000US21053)
0500000US26037,79128,,,CLI,1466836593,21279015,1622961,26037,Clinton (0500000US26037)
0500000US29049,21184,,,CLI,1085049759,11764909,758479,29049,Clinton (0500000US29049)
0500000US36019,79843,,,CLI,2687763026,206582000,974108,36019,Clinton (0500000US36019)
0500000US39027,42018,,,CLI,1058609496,9329331,1074026,39027,Clinton (0500000US39027)
0500000US42035,37450,,,CLI,2299868386,23178644,1214721,42035,Clinton (0500000US42035)
0500000US20029,9032,,,CLO,1852726651,6859888,484984,20029,Cloud (0500000US20029)
0500000US28027,21390,,,COA,1432526489,77525442,695738,28027,Coahoma (0500000US28027)
0500000US40029,5266,,,COA,1338430448,12080006,1101802,40029,Coal (0500000US40029)
0500000US13067,766149,,,COB,880018853,12407739,1686112,13067,Cobb (0500000US13067)
0500000US04003,125447,,,COC,16083178109,17664572,25442,4003,Cochise (0500000US04003)
0500000US48079,2547,,,COC,2007453830,229068,1383825,48079,Cochran (0500000US48079)
0500000US47029,35999,,,COC,1129584563,17932684,1639734,47029,Cocke (0500000US47029)
0500000US04005,145101,,,COC,48216135500,116631423,25443,4005,Coconino (0500000US04005)
0500000US46029,28325,,,COD,1780837052,76608858,1265791,46029,Codington (0500000US46029)
0500000US01031,53465,,,COF,1758565928,3907189,161541,1031,Coffee (0500000US01031)
0500000US13069,43092,,,COF,1533994969,26861152,347456,13069,Coffee (0500000US13069)
0500000US47031,57889,,,COF,1111010401,14479480,1639735,47031,Coffee (0500000US47031)
0500000US20031,8360,,,COF,1623623917,70470788,484985,20031,Coffey (0500000US20031)
0500000US48081,3285,,,COK,2361153198,42331832,1383826,48081,Coke (0500000US48081)
0500000US01033,57227,,,COL,1535742270,79160396,161542,1033,Colbert (0500000US01033)
0500000US29051,77279,,,COL,1014104090,19106873,758480,29051,Cole (0500000US29051)
0500000US48083,7684,,,COL,3270933224,47963343,1383827,48083,Coleman (0500000US48083)
0500000US17029,46863,,,COL,1316418028,4650074,424216,17029,Coles (0500000US17029)
0500000US31037,10582,,,COL,1066160690,12611136,835840,31037,Colfax (0500000US31037)
0500000US35007,12387,,,COL,9733113274,26296498,929117,35007,Colfax (0500000US35007)
0500000US45029,38604,,,COL,2736331638,198865069,1247991,45029,Colleton (0500000US45029)
0500000US12021,375752,,,COL,5171818340,1575203628,295754,12021,Collier (0500000US12021)
0500000US48085,1064465,,,COL,2178845831,115544042,1383828,48085,Collin (0500000US48085)
0500000US48087,2652,,,COL,2378749928,2279194,1383829,48087,Collingsworth (0500000US48087)
0500000US51057,10599,,,COL,666494453,74795284,1480118,51057,Colonial Heights (0500000US51057)
0500000US48089,20557,,,COL,2487142710,34691168,1383830,48089,Colorado (0500000US48089)
0500000US13071,45898,,,COL,1416812867,24875649,343936,13071,Colquitt (0500000US13071)
0500000US05027,22801,,,COL,1984098878,1985830,63761,5027,Columbia (0500000US05027)
0500000US12023,69698,,,COL,2065197126,10207158,306909,12023,Columbia (0500000US12023)
0500000US13073,156010,,,COL,751598753,45345677,348865,13073,Columbia (0500000US13073)
0500000US36021,61570,,,COL,1643770717,35071400,974109,36021,Columbia (0500000US36021)
0500000US41009,52589,,,COL,1705984342,78454245,1135847,41009,Columbia (0500000US41009)
0500000US42037,64727,,,COL,1251511998,18600496,1213665,42037,Columbia (0500000US42037)
0500000US53013,3952,,,COL,2249624779,12561759,1513273,53013,Columbia (0500000US53013)
0500000US55021,58490,,,COL,1982756253,78834956,1581070,55021,Columbia (0500000US55021)
0500000US39029,101877,,,COL,1377658471,7277033,1074027,39029,Columbiana (0500000US39029)
0500000US37047,50623,,,COL,2429722353,43711694,1026339,37047,Columbus (0500000US37047)
0500000US06011,21839,,,COL,2980332727,14608884,1675902,6011,Colusa (0500000US06011)
0500000US48091,161501,,,COM,1449171059,39766953,1383831,48091,Comal (0500000US48091)
0500000US20033,1689,,,COM,2041681089,3604155,484986,20033,Comanche (0500000US20033)
0500000US40031,121125,,,COM,2769531009,37661894,1101803,40031,Comanche (0500000US40031)
0500000US48093,13594,,,COM,2428768926,25719485,1383832,48093,Comanche (0500000US48093)
0500000US48095,3303,,,CON,2547914005,25740025,1383833,48095,Concho (0500000US48095)
0500000US22029,18687,,,CON,1805360346,130322878,558515,22029,Concordia (0500000US22029)
0500000US01035,11597,,,CON,2202213384,6426488,161543,1035,Conecuh (0500000US01035)
0500000US08021,7461,,,CON,3334423895,9235012,198126,8021,Conejos (0500000US08021)
0500000US06013,1165927,,,CON,1856838508,225278783,1675903,6013,Contra Costa (0500000US06013)
0500000US56009,13751,,,CON,11020385629,26068678,1605070,56009,Converse (0500000US56009)
0500000US05029,20715,,,CON,1429458475,37757545,66846,5029,Conway (0500000US05029)
0500000US13075,17229,,,COO,591684405,12308449,343878,13075,Cook (0500000US13075)
0500000US17031,5275541,,,COO,2447350591,1786331418,1784766,17031,Cook (0500000US17031)
0500000US27031,5600,,,COO,3762130687,4887924296,659461,27031,Cook (0500000US27031)
0500000US48097,41668,,,COO,2265789885,61319327,1383834,48097,Cooke (0500000US48097)
0500000US29053,17103,,,COO,1462695259,11475878,758481,29053,Cooper (0500000US29053)
0500000US33007,31268,,,COO,4647924324,92545557,873177,33007,Coos (0500000US33007)
0500000US41011,64929,,,COO,4133788140,544653413,1135848,41011,Coos (0500000US41011)
0500000US01037,10387,,,COO,1685846963,39991153,161544,1037,Coosa (0500000US01037)
0500000US28029,28368,,,COP,2013158772,5644780,695739,28029,Copiah (0500000US28029)
0500000US46031,3902,,,COR,6396478609,155287098,1265811,46031,Corson (0500000US46031)
0500000US36023,46809,,,COR,1291817953,7110638,974110,36023,Cortland (0500000US36023)
0500000US48099,83093,,,COR,2725308583,11833644,1383835,48099,Coryell (0500000US48099)
0500000US39031,36612,,,COS,1460721942,9128742,1074028,39031,Coshocton (0500000US39031)
0500000US08023,3499,,,COS,3179452300,8828906,198127,8023,Costilla (0500000US08023)
0500000US48101,1380,,,COT,2332448732,2723997,1383836,48101,Cottle (0500000US48101)
0500000US40033,5527,,,COT,1638523150,23986260,1101804,40033,Cotton (0500000US40033)
0500000US27033,11517,,,COT,1657522317,22249932,659462,27033,Cottonwood (0500000US27033)
0500000US01039,37570,,,COV,2669165738,34194671,161545,1039,Covington (0500000US01039)
0500000US28031,18340,,,COV,1071784952,2880713,695740,28031,Covington (0500000US28031)
0500000US51059,1150309,,,COV,1012739503,40071739,1480119,51059,Covington (0500000US51059)
0500000US13077,146158,,,COW,1142367433,12680737,326666,13077,Coweta (0500000US13077)
0500000US20035,34549,,,COW,2915648171,17322935,484987,20035,Cowley (0500000US20035)
0500000US53015,110730,,,COW,2955587567,65453464,1529156,53015,Cowlitz (0500000US53015)
0500000US40035,14107,,,CRA,1971642558,3649781,1101805,40035,Craig (0500000US40035)
0500000US51061,72972,,,CRA,1678296040,9665551,1480120,51061,Craig (0500000US51061)
0500000US05031,111231,,,CRA,1831537035,14324622,66847,5031,Craighead (0500000US05031)
0500000US48103,4675,,,CRA,2033319687,1695980,1383837,48103,Crane (0500000US48103)
0500000US37049,100720,,,CRA,1830014540,172777671,1026123,37049,Craven (0500000US37049)
0500000US05033,60133,,,CRA,1541738667,27519858,69161,5033,Crawford (0500000US05033)
0500000US13079,12130,,,CRA,841524044,3986929,342918,13079,Crawford (0500000US13079)
0500000US17033,18679,,,CRA,1149031260,5744821,424218,17033,Crawford (0500000US17033)
0500000US18025,10526,,,CRA,791534788,8201106,451674,18025,Crawford (0500000US18025)
0500000US19047,16525,,,CRA,1849765416,2171717,465212,19047,Crawford (0500000US19047)
0500000US20037,38972,,,CRA,1527499258,13573629,484988,20037,Crawford (0500000US20037)
0500000US26039,12988,,,CRA,1441108421,17887265,1622962,26039,Crawford (0500000US26039)
0500000US29055,23056,,,CRA,1923005890,3306286,758482,29055,Crawford (0500000US29055)
0500000US39033,42025,,,CRA,1040619651,2359514,1074029,39033,Crawford (0500000US39033)
0500000US42039,83938,,,CRA,2621988043,65389924,1213666,42039,Crawford (0500000US42039)
0500000US55023,16113,,,CRA,1477970925,73976386,1581071,55023,Crawford (0500000US55023)
0500000US40037,71754,,,CRE,2460340023,50692024,1101806,40037,Creek (0500000US40037)
0500000US01041,13194,,,CRE,1576952763,5388562,161546,1041,Crenshaw (0500000US01041)
0500000US13081,20128,,,CRI,706237950,21408088,351607,13081,Crisp (0500000US13081)
0500000US05035,48163,,,CRI,1587312625,81689126,69162,5035,Crittenden (0500000US05035)
0500000US21055,8990,,,CRI,932300423,29349959,516874,21055,Crittenden (0500000US21055)
0500000US47033,13911,,,CRO,687714870,545783,1648574,47033,Crockett (0500000US47033)
0500000US48105,3098,,,CRO,7270935061,53329,1383838,48105,Crockett (0500000US48105)
0500000US41013,24738,,,CRO,7715390857,21004473,1155128,41013,Crook (0500000US41013)
0500000US56011,7181,,,CRO,7393068933,28186052,1605071,56011,Crook (0500000US56011)
0500000US48107,5133,,,CRO,2331503429,3873557,1383839,48107,Crosby (0500000US48107)
0500000US05037,16833,,,CRO,1596255187,15389371,66848,5037,Cross (0500000US05037)
0500000US27035,66123,,,CRO,2585732031,409718952,659463,27035,Crow Wing (0500000US27035)
0500000US08025,5922,,,CRO,2039427872,33422981,198128,8025,Crowley (0500000US08025)
0500000US48109,2188,,,CUL,9873439554,556134,1383840,48109,Culberson (0500000US48109)
0500000US01043,87866,,,CUL,1902965973,52529944,161547,1043,Cullman (0500000US01043)
0500000US51063,15476,,,CUL,986585628,2190752,1494354,51063,Culpeper (0500000US51063)
0500000US17035,10450,,,CUM,895989975,2538006,424219,17035,Cumberland (0500000US17035)
0500000US21057,5888,,,CUM,790453071,14793815,516875,21057,Cumberland (0500000US21057)
0500000US23005,303069,,,CUM,2165807318,987404608,581288,23005,Cumberland (0500000US23005)
0500000US34011,154152,,,CUM,1251898249,503713126,882275,34011,Cumberland (0500000US34011)
0500000US37051,334728,,,CUM,1690111832,15337659,1026124,37051,Cumberland (0500000US37051)
0500000US42041,259469,,,CUM,1412785599,12511257,1209176,42041,Cumberland (0500000US42041)
0500000US47035,61145,,,CUM,1764575266,9098322,1639736,47035,Cumberland (0500000US47035)
0500000US51065,27249,,,CUM,743630407,10747024,1494061,51065,Cumberland (0500000US51065)
0500000US31039,9013,,,CUM,1477645345,10690204,835841,31039,Cuming (0500000US31039)
0500000US37053,28100,,,CUR,678341928,685097880,1026125,37053,Currituck (0500000US37053)
0500000US35009,48430,,,CUR,3640295680,7992977,933053,35009,Curry (0500000US35009)
0500000US41015,23446,,,CUR,4217489863,934614482,1155129,41015,Curry (0500000US41015)
0500000US08027,4704,,,CUS,1913031975,3364150,198129,8027,Custer (0500000US08027)
0500000US16037,4275,,,CUS,12748378765,42527190,399758,16037,Custer (0500000US16037)
0500000US30017,11867,,,CUS,9798723734,25612454,1720109,30017,Custer (0500000US30017)
0500000US31041,10545,,,CUS,6670757181,932956,835842,31041,Custer (0500000US31041)
0500000US40039,28513,,,CUS,2560924938,34326632,1101807,40039,Custer (0500000US40039)
0500000US46033,8318,,,CUS,4032463966,5490769,1265788,46033,Custer (0500000US46033)
0500000US39035,1264817,,,CUY,1184169986,2041734546,1074030,39035,Cuyahoga (0500000US39035)
0500000US13083,16251,,,DAD,450584680,488463,347465,13083,Dade (0500000US13083)
0500000US29057,7569,,,DAD,1269120978,42072597,758483,29057,Dade (0500000US29057)
0500000US49009,935,,,DAG,1805185844,61230034,1448019,49009,Daggett (0500000US49009)
0500000US27037,439882,,,DAK,1456981753,62989474,659464,27037,Dakota (0500000US27037)
0500000US31043,21582,,,DAK,684472104,8143818,835843,31043,Dakota (0500000US31043)
0500000US01045,49326,,,DAL,1453276164,4051341,161548,1045,Dale (0500000US01045)
0500000US48111,7115,,,DAL,3893095084,5180577,1383841,48111,Dallam (0500000US48111)
0500000US01047,38462,,,DAL,2534919608,39124778,161549,1047,Dallas (0500000US01047)
0500000US05039,6482,,,DAL,1728358299,1731378,66849,5039,Dallas (0500000US05039)
0500000US19049,99678,,,DAL,1523679836,8567941,465213,19049,Dallas (0500000US19049)
0500000US29059,17071,,,DAL,1401057564,4909180,758484,29059,Dallas (0500000US29059)
0500000US48113,2613539,,,DAL,2261201278,91898276,1383842,48113,Dallas (0500000US48113)
0500000US55025,561504,,,DAN,3098899107,106217126,1581072,55025,Dane (0500000US55025)
0500000US30019,1661,,,DAN,3694021963,1021697,1637566,30019,Daniels (0500000US30019)
0500000US51067,54477,,,DAN,1788671765,54404459,1494434,51067,Danville (0500000US51067)
0500000US37055,36915,,,DAR,992558307,3000513520,1026133,37055,Dare (0500000US37055)
0500000US39037,51881,,,DAR,1549077538,4244898,1074031,39037,Darke (0500000US39037)
0500000US45031,62905,,,DAR,1451917179,14668340,1247992,45031,Darlington (0500000US45031)
0500000US42043,286401,,,DAU,1359407363,86209037,1213667,42043,Dauphin (0500000US42043)
0500000US37057,168930,,,DAV,1432728609,37604804,1008548,37057,Davidson (0500000US37057)
0500000US47037,715884,,,DAV,1304564434,56621444,1639737,47037,Davidson (0500000US47037)
0500000US37059,42712,,,DAV,682977540,7511429,1008549,37059,Davie (0500000US37059)
0500000US18027,33381,,,DAV,1112396615,19102189,450343,18027,Daviess (0500000US18027)
0500000US21059,103312,,,DAV,1187227812,46825916,516876,21059,Daviess (0500000US21059)
0500000US29061,8430,,,DAV,1458893649,14926594,758485,29061,Daviess (0500000US29061)
0500000US19051,9110,,,DAV,1300661926,6904087,465214,19051,Davis (0500000US19051)
0500000US49011,362679,,,DAV,774579293,870613585,1448020,49011,Davis (0500000US49011)
0500000US46035,19956,,,DAV,1128284975,3404556,1266980,46035,Davison (0500000US46035)
0500000US31045,8199,,,DAW,3616636214,11875952,835844,31045,Dawes (0500000US31045)
0500000US13085,26798,,,DAW,546042258,9272655,351312,13085,Dawson (0500000US13085)
0500000US30021,8940,,,DAW,6143260044,29884283,1715632,30021,Dawson (0500000US30021)
0500000US31047,24111,,,DAW,2623809791,16509199,835845,31047,Dawson (0500000US31047)
0500000US48115,12456,,,DAW,2331781561,4720730,1383843,48115,Dawson (0500000US48115)
0500000US46037,5449,,,DAY,2663773676,162143251,1265790,46037,Day (0500000US46037)
0500000US35011,1698,,,DE,6016818946,29090018,933054,35011,De Baca (0500000US35011)
0500000US22031,26812,,,DE,2269991655,46990189,558521,22031,De Soto (0500000US22031)
0500000US17037,100420,,,DE,1635154200,8561739,422190,17037,De Witt (0500000US17037)
0500000US48117,18583,,,DEA,3876750570,3926557,1383845,48117,Deaf Smith (0500000US48117)
0500000US18029,50679,,,DEA,790171258,6019020,450344,18029,Dearborn (0500000US18029)
0500000US13087,29367,,,DEC,1546842840,67154651,352234,13087,Decatur (0500000US13087)
0500000US18031,26472,,,DEC,964946132,1955432,450345,18031,Decatur (0500000US18031)
0500000US19053,7645,,,DEC,1377569408,4138626,465215,19053,Decatur (0500000US19053)
0500000US20039,2764,,,DEC,2314199333,1631670,484989,20039,Decatur (0500000US20039)
0500000US47039,11435,,,DEC,864741776,28501002,1639739,47039,Decatur (0500000US47039)
0500000US30023,9421,,,DEE,1907998860,12199890,1719617,30023,Deer Lodge (0500000US30023)
0500000US39039,38286,,,DEF,1065623072,7100811,1074032,39039,Defiance (0500000US39039)
0500000US01049,71608,,,DEK,2012620262,4107136,161550,1049,DeKalb (0500000US01049)
0500000US13089,764382,,,DEK,693443927,8858826,1687424,13089,DeKalb (0500000US13089)
0500000US17039,15516,,,DEK,1029678323,19492326,426598,17039,DeKalb (0500000US17039)
0500000US18033,43265,,,DEK,939731961,2657419,450346,18033,DeKalb (0500000US18033)
0500000US29063,11029,,,DEK,1091312448,11560688,758486,29063,DeKalb (0500000US29063)
0500000US47041,20080,,,DEK,788430955,63639368,1639738,47041,DeKalb (0500000US47041)
0500000US06015,27743,,,DEL,2606118035,578742633,1682074,6015,Del Norte (0500000US06015)
0500000US18035,111903,,,DEL,1015536280,9863733,450347,18035,Delaware (0500000US18035)
0500000US19055,17488,,,DEL,1496193400,3185375,465216,19055,Delaware (0500000US19055)
0500000US36025,44308,,,DEL,3736306657,64163829,974111,36025,Delaware (0500000US36025)
0500000US39041,214124,,,DEL,1147744275,36698376,1074033,39041,Delaware (0500000US39041)
0500000US40041,40397,,,DEL,1910888952,140373336,1101808,40041,Delaware (0500000US40041)
0500000US42045,576830,,,DEL,476068781,17591835,1209177,42045,Delaware (0500000US42045)
0500000US08029,31196,,,DEL,2958090989,16786781,198130,8029,Delta (0500000US08029)
0500000US26041,36903,,,DEL,3033137846,2124389420,1622963,26041,Delta (0500000US26041)
0500000US48119,5230,,,DEL,665192108,54648180,1383846,48119,Delta (0500000US48119)
0500000US29065,14421,,,DEN,1949641173,4518782,758487,29065,Dent (0500000US29065)
0500000US48121,906422,,,DEN,2275620197,189169956,1383847,48121,Denton (0500000US48121)
0500000US08031,715522,,,DEN,396461547,4275563,198131,8031,Denver (0500000US08031)
0500000US19057,38910,,,DES,1077769233,35341938,465217,19057,Des Moines (0500000US19057)
0500000US41017,198253,,,DES,7815593157,94707741,1155130,41017,Deschutes (0500000US41017)
0500000US05041,11395,,,DES,1919735554,185180909,66850,5041,Desha (0500000US05041)
0500000US12027,33976,,,DES,1649031791,6243548,294452,12027,DeSoto (0500000US12027)
0500000US28033,185314,,,DES,1233730200,50234809,695741,28033,DeSoto (0500000US28033)
0500000US31049,1838,,,DEU,1139208344,2229828,835846,31049,Deuel (0500000US31049)
0500000US46039,4295,,,DEU,1612885711,35935421,1265781,46039,Deuel (0500000US46039)
0500000US40043,4484,,,DEW,2589024032,22668882,1101809,40043,Dewey (0500000US40043)
0500000US46041,5239,,,DEW,5963127468,370089902,1266994,46041,Dewey (0500000US46041)
0500000US48123,19824,,,DEW,2354237965,3919919,1383844,48123,DeWitt (0500000US48123)
0500000US48125,1770,,,DIC,2335454676,9057848,1383848,48125,Dickens (0500000US48125)
0500000US51069,91419,,,DIC,1070013828,5860365,1480124,51069,Dickenson (0500000US51069)
0500000US38021,4999,,,DIC,2930554406,27619632,1035622,38021,Dickey (0500000US38021)
0500000US19059,17703,,,DIC,985574547,60680641,465218,19059,Dickinson (0500000US19059)
0500000US20041,18402,,,DIC,2193895360,12632458,484990,20041,Dickinson (0500000US20041)
0500000US26043,25947,,,DIC,1970845133,40505952,1622964,26043,Dickinson (0500000US26043)
0500000US47043,54315,,,DIC,1268830619,3682665,1639740,47043,Dickson (0500000US47043)
0500000US45033,28292,,,DIL,1049117525,4541557,1247993,45033,Dillon (0500000US45033)
0500000US48127,8615,,,DIM,3441795903,14575999,1383849,48127,Dimmit (0500000US48127)
0500000US51071,16787,,,DIN,925207102,11232500,1494551,51071,Dinwiddie (0500000US51071)
0500000US11001,689545,,,DIS,158316124,18709762,1702382,11001,District of Columbia (0500000US11001)
0500000US38023,2195,,,DIV,3266310803,86676913,1034234,38023,Divide (0500000US38023)
0500000US12029,16759,,,DIX,1826029565,876347537,295725,12029,Dixie (0500000US12029)
0500000US31051,5606,,,DIX,1233120004,17111900,835847,31051,Dixon (0500000US31051)
0500000US54017,7808,,,DO,828078406,1950541,1689476,54017,Do a Ana (0500000US35013)
0500000US13091,19925,,,DOD,1284538002,18529136,348116,13091,Doddridge (0500000US54017)
0500000US27039,20867,,,DOD,1137734301,800218,659465,27039,Dodge (0500000US13091)
0500000US31053,37167,,,DOD,1370277207,36091675,835848,31053,Dodge (0500000US27039)
0500000US55027,89396,,,DOD,2268049732,81331401,1581073,55027,Dodge (0500000US31053)
0500000US08033,2326,,,DOD,2763958508,2716141,198132,8033,Dodge (0500000US55027)
0500000US35013,219561,,,DOL,9863163868,17594250,929109,35013,Dolores (0500000US08033)
0500000US20043,7510,,,DON,1019105691,12424174,484991,20043,Doniphan (0500000US20043)
0500000US48129,3258,,,DON,2401013047,15564907,1383850,48129,Donley (0500000US48129)
0500000US13093,11208,,,DOO,1016908646,12141885,351608,13093,Dooly (0500000US13093)
0500000US55029,30066,,,DOO,1248277424,4890604607,1581074,55029,Door (0500000US55029)
0500000US24021,271717,,,DOR,1710922224,17674121,1711211,24021,Dorchester (0500000US24021)
0500000US45035,161540,,,DOR,1472652724,6706075,1247998,45035,Dorchester (0500000US45035)
0500000US13095,85790,,,DOU,851183381,15352851,351259,13095,Dougherty (0500000US13095)
0500000US08035,357978,,,DOU,2176020279,6795841,198133,8035,Douglas (0500000US08035)
0500000US13097,144237,,,DOU,518302399,2423527,1686467,13097,Douglas (0500000US13097)
0500000US17041,19740,,,DOU,1079110220,1448705,424222,17041,Douglas (0500000US17041)
0500000US20045,118785,,,DOU,1180428103,48875040,484992,20045,Douglas (0500000US20045)
0500000US27041,39006,,,DOU,1649659292,215526674,659466,27041,Douglas (0500000US27041)
0500000US29067,11578,,,DOU,2107274104,2520175,758488,29067,Douglas (0500000US29067)
0500000US31055,584526,,,DOU,845391130,33520306,835849,31055,Douglas (0500000US31055)
0500000US32007,53702,,,DOU,44479019310,74784559,857664,32007,Douglas (0500000US32007)
0500000US41019,111201,,,DOU,13042399612,251900488,1135849,41019,Douglas (0500000US41019)
0500000US46043,2835,,,DOU,1118358780,4832944,1266978,46043,Douglas (0500000US46043)
0500000US53017,42938,,,DOU,4711819965,76557106,1531818,53017,Douglas (0500000US53017)
0500000US55031,44295,,,DOU,3378047451,454294232,1581075,55031,Douglas (0500000US55031)
0500000US05043,17350,,,DRE,2146225294,18789749,66851,5043,Drew (0500000US05043)
0500000US18037,43637,,,DUB,1106616355,20892926,451675,18037,Dubois (0500000US18037)
0500000US19061,99266,,,DUB,1575487976,21138781,465219,19061,Dubuque (0500000US19061)
0500000US49013,19596,,,DUC,8379502801,38797805,1448021,49013,Duchesne (0500000US49013)
0500000US25007,20600,,,DUK,267292993,1004291414,606930,25007,Dukes (0500000US25007)
0500000US31057,1654,,,DUN,2381956204,3046331,835850,31057,Dundy (0500000US31057)
0500000US29069,28283,,,DUN,1403538813,13708531,758489,29069,Dunklin (0500000US29069)
0500000US38025,4095,,,DUN,5201969431,190528746,1035623,38025,Dunn (0500000US38025)
0500000US55033,45440,,,DUN,2201902840,35572613,1581076,55033,Dunn (0500000US55033)
0500000US17043,932877,,,DUP,848995057,22247662,422191,17043,DuPage (0500000US17043)
0500000US37061,48715,,,DUP,2110115795,14237879,1026132,37061,Duplin (0500000US37061)
0500000US37063,324833,,,DUR,742303736,29156730,1008550,37063,Durham (0500000US37063)
0500000US36027,295911,,,DUT,2060598612,76906718,974112,36027,Dutchess (0500000US36027)
0500000US12031,995567,,,DUV,1975265289,403543924,293656,12031,Duval (0500000US12031)
0500000US48131,9831,,,DUV,4645084668,5478267,1383851,48131,Duval (0500000US48131)
0500000US47045,36801,,,DYE,1326982067,35839863,1639741,47045,Dyer (0500000US47045)
0500000US08037,55731,,,EAG,4362754228,18970639,198134,8037,Eagle (0500000US08037)
0500000US13099,10854,,,EAR,1327626625,9702715,345041,13099,Early (0500000US13099)
0500000US22033,456781,,,EAS,1179744891,38443657,558530,22033,East Baton Rouge (0500000US22033)
0500000US22035,7459,,,EAS,1090092484,56411688,558534,22035,East Carroll (0500000US22035)
0500000US22037,19539,,,EAS,1174022934,6150603,558542,22037,East Feliciana (0500000US22037)
0500000US48133,17725,,,EAS,2399644791,14002299,1383852,48133,Eastland (0500000US48133)
0500000US26045,109175,,,EAT,1489783175,10942140,1622965,26045,Eaton (0500000US26045)
0500000US55035,105710,,,EAU,1652211227,18848551,1581077,55035,Eau Claire (0500000US55035)
0500000US13101,3697,,,ECH,1088849471,809587,348092,13101,Echols (0500000US13101)
0500000US48135,165171,,,ECT,2325442220,10255211,1383853,48135,Ector (0500000US48135)
0500000US35015,62314,,,EDD,10816688004,56493049,936829,35015,Eddy (0500000US35015)
0500000US38027,2347,,,EDD,1632310791,36012924,1034222,38027,Eddy (0500000US38027)
0500000US17045,16866,,,EDG,1614400675,1565052,424224,17045,Edgar (0500000US17045)
0500000US37065,48900,,,EDG,1309074148,3705924,1008551,37065,Edgecombe (0500000US37065)
0500000US45037,25657,,,EDG,1296814342,16317867,1247999,45037,Edgefield (0500000US45037)
0500000US21061,12126,,,EDM,784468401,13258105,516877,21061,Edmonson (0500000US21061)
0500000US46045,3986,,,EDM,2916275923,64969684,1266972,46045,Edmunds (0500000US46045)
0500000US17047,6245,,,EDW,576012470,781202,424225,17047,Edwards (0500000US17047)
0500000US20047,2907,,,EDW,1610699245,206413,484993,20047,Edwards (0500000US20047)
0500000US48137,1422,,,EDW,5485263220,5196312,1383854,48137,Edwards (0500000US48137)
0500000US13103,64769,,,EFF,1240161594,10552453,350219,13103,Effingham (0500000US13103)
0500000US17049,34668,,,EFF,1240005909,3174583,424226,17049,Effingham (0500000US17049)
0500000US06017,191185,,,EL,4423312022,203340010,277273,6017,El Dorado (0500000US06017)
0500000US08039,26062,,,EL,4793643992,442147,198136,8039,El Paso (0500000US08039)
0500000US48139,192455,,,EL,2423575743,41976116,1383856,48139,El Paso (0500000US48139)
0500000US08041,730395,,,ELB,5507386924,7070359,198135,8041,Elbert (0500000US08041)
0500000US13105,19637,,,ELB,909352139,59863331,347828,13105,Elbert (0500000US13105)
0500000US20049,2483,,,ELK,1668636744,16061112,484994,20049,Elk (0500000US20049)
0500000US42047,30990,,,ELK,2141664702,12791578,1213668,42047,Elk (0500000US42047)
0500000US18039,207047,,,ELK,1199580231,12457801,450348,18039,Elkhart (0500000US18039)
0500000US32009,729,,,ELK,9277050177,18552010,858641,32009,Elko (0500000US32009)
0500000US21063,7354,,,ELL,606882500,2601651,516878,21063,Elliott (0500000US21063)
0500000US20051,28934,,,ELL,2330762295,1197085,484995,20051,Ellis (0500000US20051)
0500000US40045,3749,,,ELL,3189509979,952235,1101810,40045,Ellis (0500000US40045)
0500000US48141,865657,,,ELL,2624264468,5322143,1383855,48141,Ellis (0500000US48141)
0500000US20053,6376,,,ELL,1853331064,19969761,484996,20053,Ellsworth (0500000US20053)
0500000US01051,87977,,,ELM,1601945704,99781063,161551,1051,Elmore (0500000US01051)
0500000US16039,28666,,,ELM,7964417376,68330393,400252,16039,Elmore (0500000US16039)
0500000US13107,22768,,,EMA,1762679431,24889123,347508,13107,Emanuel (0500000US13107)
0500000US49015,9825,,,EME,11557242835,24843849,1448022,49015,Emery (0500000US49015)
0500000US19063,9388,,,EMM,1025349325,17175565,465220,19063,Emmet (0500000US19063)
0500000US26047,34112,,,EMM,1210940738,1073419241,1622966,26047,Emmet (0500000US26047)
0500000US38029,3301,,,EMM,3906739847,121497556,1035615,38029,Emmons (0500000US38029)
0500000US51073,38711,,,EMP,564124714,181747503,1480126,51073,Emporia (0500000US51073)
0500000US48143,42545,,,ERA,2805419712,17166727,1383857,48143,Erath (0500000US48143)
0500000US36029,954236,,,ERI,2700660508,476879106,974113,36029,Erie (0500000US36029)
0500000US39043,75622,,,ERI,650833148,969939819,1074034,39043,Erie (0500000US39043)
0500000US42049,270876,,,ERI,2069174742,1966242081,1209178,42049,Erie (0500000US42049)
0500000US01053,36757,,,ESC,2448595161,20024887,161552,1053,Escambia (0500000US01053)
0500000US12033,321905,,,ESC,1701606697,1213969815,295737,12033,Escambia (0500000US12033)
0500000US32011,1855,,,ESM,10814982421,11058701,858640,32011,Esmeralda (0500000US32011)
0500000US25009,809829,,,ESS,1275623143,870158745,606931,25009,Essex (0500000US25009)
0500000US34013,863728,,,ESS,326557433,8638155,882276,34013,Essex (0500000US34013)
0500000US36031,37381,,,ESS,4646753187,316350562,974114,36031,Essex (0500000US36031)
0500000US50009,5920,,,ESS,1715530214,28688490,1461761,50009,Essex (0500000US50009)
0500000US51075,24727,,,ESS,730451417,21934893,1674271,51075,Essex (0500000US51075)
0500000US21065,14163,,,EST,655509950,6516334,516879,21065,Estill (0500000US21065)
0500000US01055,103436,,,ETO,1385916768,35022972,161553,1055,Etowah (0500000US01055)
0500000US32013,17285,,,EUR,24969535441,44194837,863310,32013,Eureka (0500000US32013)
0500000US22039,32350,,,EVA,1715687375,44662183,558551,22039,Evangeline (0500000US22039)
0500000US13109,10774,,,EVA,473694905,10295112,345923,13109,Evans (0500000US13109)
0500000US51077,15333,,,FAI,1144218746,9792929,1501196,51077,Fairfax (0500000US51077)
0500000US51079,20552,,,FAI,403900921,1680243,1480129,51079,Fairfax (0500000US51079)
0500000US09001,957419,,,FAI,1618664029,549280913,212794,9001,Fairfield (0500000US09001)
0500000US39045,158921,,,FAI,1306299943,10869534,1074035,39045,Fairfield (0500000US39045)
0500000US45039,20948,,,FAI,1777521260,61063162,1248000,45039,Fairfield (0500000US45039)
0500000US46047,6973,,,FAL,4506292103,24021148,1265787,46047,Fall River (0500000US46047)
0500000US30025,3049,,,FAL,4197320396,5915331,1688745,30025,Fallon (0500000US30025)
0500000US48145,16968,,,FAL,1982623099,21693053,1383858,48145,Falls (0500000US48145)
0500000US51081,11391,,,FAL,764634552,4086108,1501122,51081,Falls Church (0500000US51081)
0500000US13111,25319,,,FAN,1002597521,13473582,351094,13111,Fannin (0500000US13111)
0500000US48147,35662,,,FAN,2307251052,20847065,1383859,48147,Fannin (0500000US48147)
0500000US27043,13921,,,FAR,1845313230,24410688,659467,27043,Faribault (0500000US27043)
0500000US46049,2125,,,FAU,2542625555,62622903,1265760,46049,Faulk (0500000US46049)
0500000US05045,123498,,,FAU,1676360344,43618226,66852,5045,Faulkner (0500000US05045)
0500000US51083,34022,,,FAU,2117913134,30524581,1496705,51083,Fauquier (0500000US51083)
0500000US01057,16321,,,FAY,1625693254,4330881,161554,1057,Fayette (0500000US01057)
0500000US13113,119194,,,FAY,503905023,12814100,1687740,13113,Fayette (0500000US13113)
0500000US17051,21488,,,FAY,1855583360,22915103,424227,17051,Fayette (0500000US17051)
0500000US18041,23398,,,FAY,556901577,366408,450349,18041,Fayette (0500000US18041)
0500000US19065,19509,,,FAY,1892806735,1354955,465221,19065,Fayette (0500000US19065)
0500000US21067,322570,,,FAY,734617508,4920615,516880,21067,Fayette (0500000US21067)
0500000US39047,28951,,,FAY,1052469885,1694038,1074036,39047,Fayette (0500000US39047)
0500000US42051,128804,,,FAY,2048054606,20636363,1209179,42051,Fayette (0500000US42051)
0500000US47047,41990,,,FAY,1825359641,3774635,1639742,47047,Fayette (0500000US47047)
0500000US48149,24435,,,FAY,2460316901,25574662,1383860,48149,Fayette (0500000US48149)
0500000US54019,40488,,,FAY,1713569362,17443841,1560095,54019,Fayette (0500000US54019)
0500000US47049,18489,,,FEN,1291385622,841022,1639743,47049,Fentress (0500000US47049)
0500000US30027,11446,,,FER,11238811035,27700317,1719614,30027,Fergus (0500000US30027)
0500000US53019,7178,,,FER,5706368585,140294391,1531821,53019,Ferry (0500000US53019)
0500000US27045,21228,,,FIL,2230843182,2055817,659468,27045,Fillmore (0500000US27045)
0500000US31059,5551,,,FIL,1490202741,2989992,835851,31059,Fillmore (0500000US31059)
0500000US20055,38470,,,FIN,3372157852,1716371,485326,20055,Finney (0500000US20055)
0500000US48151,3672,,,FIS,2328272103,7258480,1383861,48151,Fisher (0500000US48151)
0500000US12035,115378,,,FLA,1259255270,219183435,308547,12035,Flagler (0500000US12035)
0500000US30029,104357,,,FLA,13175845388,437161601,1719611,30029,Flathead (0500000US30029)
0500000US21069,15082,,,FLE,902727568,7182389,516881,21069,Fleming (0500000US21069)
0500000US45041,137059,,,FLO,2073299560,9766894,1248001,45041,Florence (0500000US45041)
0500000US55037,4558,,,FLO,1264232456,24111637,1581078,55037,Florence (0500000US55037)
0500000US13115,98584,,,FLO,1320404594,22414013,353665,13115,Floyd (0500000US13115)
0500000US18043,80484,,,FLO,384566111,2705134,450350,18043,Floyd (0500000US18043)
0500000US19067,15627,,,FLO,1296471923,2023930,465222,19067,Floyd (0500000US19067)
0500000US21071,35942,,,FLO,1018626552,6245241,516882,21071,Floyd (0500000US21071)
0500000US48153,5402,,,FLO,2569637283,983737,1383862,48153,Floyd (0500000US48153)
0500000US51085,109979,,,FLO,1211090756,12702538,1480132,51085,Floyd (0500000US51085)
0500000US51087,334389,,,FLU,605278397,28880880,1480133,51087,Fluvanna (0500000US51087)
0500000US48155,1095,,,FOA,1824378631,8514741,1383863,48155,Foard (0500000US48155)
0500000US55039,104154,,,FON,1863667254,119853823,1581079,55039,Fond du Lac (0500000US55039)
0500000US17053,13534,,,FOR,1257690127,1640595,424228,17053,Ford (0500000US17053)
0500000US20057,34287,,,FOR,2844508242,2097356,484997,20057,Ford (0500000US20057)
0500000US42053,6973,,,FOR,1106595595,8369675,1213669,42053,Forest (0500000US42053)
0500000US55041,9179,,,FOR,2626936100,83536591,1581080,55041,Forest (0500000US55041)
0500000US28035,78158,,,FOR,1207042883,10872917,695742,28035,Forrest (0500000US28035)
0500000US13117,251283,,,FOR,581757645,58447999,1673358,13117,Forsyth (0500000US13117)
0500000US37067,382590,,,FOR,1056328480,11658537,1008552,37067,Forsyth (0500000US37067)
0500000US48157,822779,,,FOR,2231925919,60861593,1383864,48157,Fort Bend (0500000US48157)
0500000US38031,3397,,,FOS,1642258774,33103934,1034223,38031,Foster (0500000US38031)
0500000US18045,16479,,,FOU,1024774340,5728993,450351,18045,Fountain (0500000US18045)
0500000US01059,32113,,,FRA,1641845708,32639621,161555,1059,Franklin (0500000US01059)
0500000US05047,17097,,,FRA,1577206796,28920052,66853,5047,Franklin (0500000US05047)
0500000US12037,12451,,,FRA,1411498965,2270440522,306911,12037,Franklin (0500000US12037)
0500000US13119,23424,,,FRA,676893233,12732649,349324,13119,Franklin (0500000US13119)
0500000US16041,14194,,,FRA,1717211160,12153472,395585,16041,Franklin (0500000US16041)
0500000US17055,37804,,,FRA,1059109159,58397116,424229,17055,Franklin (0500000US17055)
0500000US18047,22785,,,FRA,995658281,17155846,450352,18047,Franklin (0500000US18047)
0500000US19069,10019,,,FRA,1507300417,1438346,465223,19069,Franklin (0500000US19069)
0500000US20059,25996,,,FRA,1480882204,13893465,484998,20059,Franklin (0500000US20059)
0500000US21073,51541,,,FRA,538312209,10786432,516883,21073,Franklin (0500000US21073)
0500000US22041,19774,,,FRA,1616925546,28050179,558557,22041,Franklin (0500000US22041)
0500000US23007,29456,,,FRA,4395223704,121287619,581289,23007,Franklin (0500000US23007)
0500000US25011,71029,,,FRA,1810939914,65601931,606932,25011,Franklin (0500000US25011)
0500000US28037,7675,,,FRA,1460658822,7250805,695743,28037,Franklin (0500000US28037)
0500000US29071,104682,,,FRA,2389650755,20813427,758490,29071,Franklin (0500000US29071)
0500000US31061,2889,,,FRA,1491355863,487899,835852,31061,Franklin (0500000US31061)
0500000US36033,47555,,,FRA,4219857155,176622254,974115,36033,Franklin (0500000US36033)
0500000US37069,68573,,,FRA,1273761673,7173998,1008553,37069,Franklin (0500000US37069)
0500000US39049,1323807,,,FRA,1378955470,29029615,1074037,39049,Franklin (0500000US39049)
0500000US42055,155932,,,FRA,2000245527,1547615,1213670,42055,Franklin (0500000US42055)
0500000US47051,42774,,,FRA,1436141691,55046635,1639744,47051,Franklin (0500000US47051)
0500000US48159,10359,,,FRA,736569935,26875120,1383865,48159,Franklin (0500000US48159)
0500000US50011,49946,,,FRA,1634178630,150732873,1461762,50011,Franklin (0500000US50011)
0500000US51089,50948,,,FRA,990284625,5269785,1502770,51089,Franklin (0500000US51089)
0500000US51091,2232,,,FRA,1075266904,1791758,1673774,51091,Franklin (0500000US51091)
0500000US53021,96749,,,FRA,3215718486,60508754,1531822,53021,Franklin (0500000US53021)
0500000US24023,28806,,,FRE,1681102437,22498420,1711058,24023,Frederick (0500000US24023)
0500000US51093,38606,,,FRE,817620587,122100069,1702378,51093,Frederick (0500000US51093)
0500000US51095,78254,,,FRE,368550683,95239463,1480135,51095,Fredericksburg (0500000US51095)
0500000US27047,30895,,,FRE,1831756446,39305226,659469,27047,Freeborn (0500000US27047)
0500000US48161,19435,,,FRE,2273311866,36936963,1383866,48161,Freestone (0500000US48161)
0500000US08043,48939,,,FRE,3972613670,2235542,198137,8043,Fremont (0500000US08043)
0500000US16043,13388,,,FRE,4827633110,83440652,395408,16043,Fremont (0500000US16043)
0500000US19071,6605,,,FRE,1323918215,14168938,465224,19071,Fremont (0500000US19071)
0500000US56013,39234,,,FRE,23785388835,212768588,1605072,56013,Fremont (0500000US56013)
0500000US06019,1008654,,,FRE,15432139297,136609893,277274,6019,Fresno (0500000US06019)
0500000US48163,18385,,,FRI,2935753504,2193621,1383867,48163,Frio (0500000US48163)
0500000US31063,2519,,,FRO,2524283363,14110080,835853,31063,Frontier (0500000US31063)
0500000US05049,12075,,,FUL,1600705524,6367763,66854,5049,Fulton (0500000US05049)
0500000US13121,1066710,,,FUL,1364275258,19524189,1694833,13121,Fulton (0500000US13121)
0500000US17057,33609,,,FUL,2242109784,43927375,424230,17057,Fulton (0500000US17057)
0500000US18049,20480,,,FUL,954133346,7439336,450353,18049,Fulton (0500000US18049)
0500000US21075,6515,,,FUL,533351953,64091345,516884,21075,Fulton (0500000US21075)
0500000US36035,53324,,,FUL,1283234687,96916403,974116,36035,Fulton (0500000US36035)
0500000US39051,42713,,,FUL,1050103237,4586248,1074038,39051,Fulton (0500000US39051)
0500000US42057,14556,,,FUL,1133252795,1305486,1213671,42057,Fulton (0500000US42057)
0500000US31065,4636,,,FUR,1862542300,3915843,835854,31065,Furnas (0500000US31065)
0500000US12039,43826,,,GAD,1337405282,31475262,306918,12039,Gadsden (0500000US12039)
0500000US31067,21704,,,GAG,2205273758,22012188,835855,31067,Gage (0500000US31067)
0500000US48165,21598,,,GAI,3891102467,1262946,1383868,48165,Gaines (0500000US48165)
0500000US51097,6608,,,GAL,816232787,28929275,1480136,51097,Galax (0500000US51097)
0500000US17059,4946,,,GAL,836413648,13357002,424231,17059,Gallatin (0500000US17059)
0500000US21077,8690,,,GAL,254761072,16238078,516885,21077,Gallatin (0500000US21077)
0500000US30031,118960,,,GAL,6747831014,73615974,1720053,30031,Gallatin (0500000US30031)
0500000US39053,29220,,,GAL,1208305870,12087309,1074039,39053,Gallia (0500000US39053)
0500000US48167,350682,,,GAL,982346325,1281011355,1383869,48167,Galveston (0500000US48167)
0500000US31069,1874,,,GAR,4416875795,66053093,835856,31069,Garden (0500000US31069)
0500000US08045,61685,,,GAR,7633807267,21696625,198138,8045,Garfield (0500000US08045)
0500000US30033,1173,,,GAR,12112233250,446864356,1716058,30033,Garfield (0500000US30033)
0500000US31071,1813,,,GAR,1474558344,5321553,835857,31071,Garfield (0500000US31071)
0500000US40047,62846,,,GAR,2741521323,4075930,1101811,40047,Garfield (0500000US40047)
0500000US49017,5083,,,GAR,13403572593,85610782,1448023,49017,Garfield (0500000US49017)
0500000US53023,2286,,,GAR,1841054897,19294817,1533500,53023,Garfield (0500000US53023)
0500000US05051,100180,,,GAR,1754999327,147452177,66855,5051,Garland (0500000US05051)
0500000US21079,16953,,,GAR,595979379,9931261,516886,21079,Garrard (0500000US21079)
0500000US24025,260924,,,GAR,1132152044,231885675,1698178,24025,Garrett (0500000US24025)
0500000US40049,25656,,,GAR,2077536833,30029568,1101812,40049,Garvin (0500000US40049)
0500000US48169,5816,,,GAR,2313937124,7209242,1383870,48169,Garza (0500000US48169)
0500000US29073,14794,,,GAS,1344216322,18008168,758491,29073,Gasconade (0500000US29073)
0500000US37071,227943,,,GAS,921389651,20549064,1008554,37071,Gaston (0500000US37071)
0500000US37073,10478,,,GAT,882181709,13292008,1026126,37073,Gates (0500000US37073)
0500000US20061,36739,,,GEA,996262708,51602808,484999,20061,Geary (0500000US20061)
0500000US39055,95397,,,GEA,1036773963,20701156,1074040,39055,Geauga (0500000US39055)
0500000US16045,19123,,,GEM,1449796224,12491930,395442,16045,Gem (0500000US16045)
0500000US26049,406211,,,GEN,1649674148,32748548,1622967,26049,Genesee (0500000US26049)
0500000US36037,58388,,,GEN,1276705561,6137411,974117,36037,Genesee (0500000US36037)
0500000US01061,26659,,,GEN,1487908432,11567409,161556,1061,Geneva (0500000US01061)
0500000US29075,6162,,,GEN,1272776755,762384,758492,29075,Gentry (0500000US29075)
0500000US28039,24350,,,GEO,1239816906,12838126,695744,28039,George (0500000US28039)
0500000US45043,63404,,,GEO,2107275277,572929958,1248002,45043,Georgetown (0500000US45043)
0500000US18051,33011,,,GIB,1262317070,30903211,450354,18051,Gibson (0500000US18051)
0500000US47053,50429,,,GIB,1561102696,2345193,1639745,47053,Gibson (0500000US47053)
0500000US04007,53272,,,GIL,12322070149,96465330,40471,4007,Gila (0500000US04007)
0500000US12041,17864,,,GIL,905705571,14362143,303633,12041,Gilchrist (0500000US12041)
0500000US47055,30346,,,GIL,1582304899,642572,1639746,47055,Giles (0500000US47055)
0500000US51099,26723,,,GIL,465234037,21087162,1480137,51099,Giles (0500000US51099)
0500000US48171,26725,,,GIL,2740731305,9000601,1383871,48171,Gillespie (0500000US48171)
0500000US41021,1995,,,GIL,3120213943,46914702,1135850,41021,Gilliam (0500000US41021)
0500000US13123,31353,,,GIL,1103886633,12283371,351260,13123,Gilmer (0500000US13123)
0500000US54021,7408,,,GIL,876717629,4082112,1689673,54021,Gilmer (0500000US54021)
0500000US08047,5808,,,GIL,388556746,942056,198139,8047,Gilpin (0500000US08047)
0500000US30035,13778,,,GLA,7757405145,105684958,1719607,30035,Glacier (0500000US30035)
0500000US12043,12126,,,GLA,2089659345,467293938,295743,12043,Glades (0500000US12043)
0500000US26051,25386,,,GLA,1299620414,36677053,1622968,26051,Gladwin (0500000US26051)
0500000US13125,2884,,,GLA,372299245,1832723,345642,13125,Glascock (0500000US13125)
0500000US48173,1116,,,GLA,2331552974,2245302,1383872,48173,Glasscock (0500000US48173)
0500000US06021,28917,,,GLE,3403160301,33693344,277275,6021,Glenn (0500000US06021)
0500000US34015,302294,,,GLO,833994586,38242080,882277,34015,Gloucester (0500000US34015)
0500000US51101,17810,,,GLO,709424849,31090165,1480138,51101,Gloucester (0500000US51101)
0500000US13127,84499,,,GLY,1086851231,429107116,1671513,13127,Glynn (0500000US13127)
0500000US26053,14380,,,GOG,2854517939,970153215,1622969,26053,Gogebic (0500000US26053)
0500000US30037,823,,,GOL,3041740576,2621792,1723078,30037,Golden Valley (0500000US30037)
0500000US38033,1736,,,GOL,2592280440,4148883,1035617,38033,Golden Valley (0500000US38033)
0500000US48175,7012,,,GOL,2206698612,19050015,1383873,48175,Goliad (0500000US48175)
0500000US48177,19653,,,GON,2762704862,8204086,1383874,48177,Gonzales (0500000US48177)
0500000US51103,10919,,,GOO,345261477,254114185,1480139,51103,Goochland (0500000US51103)
0500000US27049,47582,,,GOO,1959853268,59175413,659470,27049,Goodhue (0500000US27049)
0500000US16047,15598,,,GOO,1888935208,12470063,395441,16047,Gooding (0500000US16047)
0500000US13129,57544,,,GOR,923182600,5729235,356672,13129,Gordon (0500000US13129)
0500000US56015,12498,,,GOS,5764310957,16969725,1605073,56015,Goshen (0500000US56015)
0500000US31073,1893,,,GOS,1186616216,11831826,835858,31073,Gosper (0500000US31073)
0500000US20063,2718,,,GOV,2775601942,245369,485000,20063,Gove (0500000US20063)
0500000US13131,26236,,,GRA,1177051415,15026665,351261,13131,Grady (0500000US13131)
0500000US40051,54795,,,GRA,2850386659,11374380,1101813,40051,Grady (0500000US40051)
0500000US33009,91118,,,GRA,4425249894,106463952,873178,33009,Grafton (0500000US33009)
0500000US04009,38533,,,GRA,11970605955,47476264,25444,4009,Graham (0500000US04009)
0500000US20065,2415,,,GRA,2327173854,599356,481811,20065,Graham (0500000US20065)
0500000US37075,8030,,,GRA,756189029,25057776,1008555,37075,Graham (0500000US37075)
0500000US47057,23527,,,GRA,726715759,56600343,1648575,47057,Grainger (0500000US47057)
0500000US08049,15717,,,GRA,4782276779,59886083,198140,8049,Grand (0500000US08049)
0500000US49019,9669,,,GRA,9512361691,31552278,1448024,49019,Grand (0500000US49019)
0500000US38035,73170,,,GRA,3719806624,8267352,1034218,38035,Grand Forks (0500000US38035)
0500000US50013,7293,,,GRA,211772078,288966533,1461763,50013,Grand Isle (0500000US50013)
0500000US26055,95238,,,GRA,1202625099,354771224,1622970,26055,Grand Traverse (0500000US26055)
0500000US30039,3309,,,GRA,4473328972,14546367,1719605,30039,Granite (0500000US30039)
0500000US05053,17958,,,GRA,1636573602,2896901,66856,5053,Grant (0500000US05053)
0500000US18053,66674,,,GRA,1072484471,2101804,450355,18053,Grant (0500000US18053)
0500000US20067,7352,,,GRA,1488745962,871232,485099,20067,Grant (0500000US20067)
0500000US21081,24941,,,GRA,668157704,7243449,516887,21081,Grant (0500000US21081)
0500000US22043,22169,,,GRA,1665848458,56005520,558567,22043,Grant (0500000US22043)
0500000US27051,6074,,,GRA,1418795382,71705190,659471,27051,Grant (0500000US27051)
0500000US31075,611,,,GRA,2012381803,16500663,835859,31075,Grant (0500000US31075)
0500000US35017,28185,,,GRA,10259478771,15294669,915980,35017,Grant (0500000US35017)
0500000US38037,2301,,,GRA,4297393836,17563450,1035300,38037,Grant (0500000US38037)
0500000US40053,4169,,,GRA,2591904426,7042653,1101814,40053,Grant (0500000US40053)
0500000US41023,7233,,,GRA,11726925905,1893807,1135851,41023,Grant (0500000US41023)
0500000US46051,7556,,,GRA,1764937243,15765681,1265782,46051,Grant (0500000US46051)
0500000US53025,99123,,,GRA,6940003416,289811930,1531924,53025,Grant (0500000US53025)
0500000US54023,10976,,,GRA,1236387822,7546060,1697238,54023,Grant (0500000US54023)
0500000US55043,51938,,,GRA,2970402286,94521527,1581081,55043,Grant (0500000US55043)
0500000US37077,60992,,,GRA,1377850210,14503653,1008556,37077,Granville (0500000US37077)
0500000US26057,41761,,,GRA,1472098896,8369164,1622971,26057,Gratiot (0500000US26057)
0500000US21083,36649,,,GRA,1429035006,13037984,516888,21083,Graves (0500000US21083)
0500000US20069,5653,,,GRA,2250356174,1113338,485001,20069,Gray (0500000US20069)
0500000US48179,21227,,,GRA,2398261679,8700790,1383875,48179,Gray (0500000US48179)
0500000US53027,75636,,,GRA,4924794342,834310602,1531823,53027,Grays Harbor (0500000US53027)
0500000US21085,26420,,,GRA,1294808799,28746004,516889,21085,Grayson (0500000US21085)
0500000US48181,135543,,,GRA,2416016690,120091746,1383876,48181,Grayson (0500000US48181)
0500000US51105,22173,,,GRA,1127622846,4896591,1496538,51105,Grayson (0500000US51105)
0500000US20071,1284,,,GRE,2016057907,0,485002,20071,Greeley (0500000US20071)
0500000US31077,2188,,,GRE,1475804204,2188872,835860,31077,Greeley (0500000US31077)
0500000US21087,11107,,,GRE,740871356,7094524,516890,21087,Green (0500000US21087)
0500000US55045,37093,,,GRE,1512667175,1313241,1581082,55045,Green (0500000US55045)
0500000US55047,19018,,,GRE,905314776,79202664,1581083,55047,Green Lake (0500000US55047)
0500000US54025,32977,,,GRE,2641303514,12164256,1557518,54025,Greenbrier (0500000US54025)
0500000US01063,7730,,,GRE,1675782057,33416141,161557,1063,Greene (0500000US01063)
0500000US05055,45736,,,GRE,1495304293,5273183,66857,5055,Greene (0500000US05055)
0500000US13133,18915,,,GRE,1003664492,48417220,348672,13133,Greene (0500000US13133)
0500000US17061,11985,,,GRE,1406736598,8423898,424232,17061,Greene (0500000US17061)
0500000US18055,30803,,,GRE,1404983902,8919619,451676,18055,Greene (0500000US18055)
0500000US19073,8771,,,GRE,1475148030,4404193,465225,19073,Greene (0500000US19073)
0500000US28041,13530,,,GRE,1845983898,15430619,695745,28041,Greene (0500000US28041)
0500000US29077,298915,,,GRE,1749093973,6607198,758493,29077,Greene (0500000US29077)
0500000US36039,47931,,,GRE,1676140500,28201061,974118,36039,Greene (0500000US36039)
0500000US37079,20451,,,GRE,690838977,1229492,1008557,37079,Greene (0500000US37079)
0500000US39057,167966,,,GRE,1071111594,6802048,1074041,39057,Greene (0500000US39057)
0500000US42059,35954,,,GRE,1491658046,5296803,1214033,42059,Greene (0500000US42059)
0500000US47059,70152,,,GRE,1611409727,5099752,1639747,47059,Greene (0500000US47059)
0500000US51107,420959,,,GRE,1335755877,14493733,1480141,51107,Greene (0500000US51107)
0500000US04011,9563,,,GRE,4771128169,13746346,42807,4011,Greenlee (0500000US04011)
0500000US51109,37596,,,GRE,1282164640,37822855,1494707,51109,Greensville (0500000US51109)
0500000US21089,35962,,,GRE,892152805,25864468,516891,21089,Greenup (0500000US21089)
0500000US45045,525534,,,GRE,2035565486,24966064,1245489,45045,Greenville (0500000US45045)
0500000US20073,6016,,,GRE,2961143636,24145021,485003,20073,Greenwood (0500000US20073)
0500000US45047,69351,,,GRE,1180009081,21260069,1248003,45047,Greenwood (0500000US45047)
0500000US40055,5491,,,GRE,1655740225,11148547,1101815,40055,Greer (0500000US40055)
0500000US48183,124239,,,GRE,708052150,6206460,1383877,48183,Gregg (0500000US48183)
0500000US46053,3994,,,GRE,2628707453,99900775,1265765,46053,Gregory (0500000US46053)
0500000US28043,21629,,,GRE,1093291104,70659566,695746,28043,Grenada (0500000US28043)
0500000US38039,2306,,,GRI,1835486224,20446712,1034219,38039,Griggs (0500000US38039)
0500000US48185,29268,,,GRI,2039528341,36609847,1383878,48185,Grimes (0500000US48185)
0500000US17063,52533,,,GRU,1082941913,32130366,424233,17063,Grundy (0500000US17063)
0500000US19075,12329,,,GRU,1299799697,92512,465226,19075,Grundy (0500000US19075)
0500000US29079,9808,,,GRU,1127403258,7116081,758494,29079,Grundy (0500000US29079)
0500000US47061,13529,,,GRU,933545794,1755421,1639748,47061,Grundy (0500000US47061)
0500000US35019,4452,,,GUA,7847072132,2887948,929111,35019,Guadalupe (0500000US35019)
0500000US48187,172706,,,GUA,1842136055,9157037,1383879,48187,Guadalupe (0500000US48187)
0500000US39059,38438,,,GUE,1352631217,15666081,1074042,39059,Guernsey (0500000US39059)
0500000US37081,541299,,,GUI,1672930802,30338282,1008558,37081,Guilford (0500000US37081)
0500000US12045,14192,,,GUL,1433448660,624425009,306917,12045,Gulf (0500000US12045)
0500000US08051,16918,,,GUN,8389334152,53070998,198141,8051,Gunnison (0500000US08051)
0500000US19077,10623,,,GUT,1529656705,6355531,465227,19077,Guthrie (0500000US19077)
0500000US13135,957062,,,GWI,1115664831,15600869,1688166,13135,Gwinnett (0500000US13135)
0500000US46055,1872,,,HAA,4689279882,42452623,1266988,46055,Haakon (0500000US46055)
0500000US13137,46031,,,HAB,717083984,5669790,351383,13137,Habersham (0500000US13137)
0500000US01065,14785,,,HAL,1667926655,32403804,161558,1065,Hale (0500000US01065)
0500000US48189,32522,,,HAL,2602109423,246678,1383880,48189,Hale (0500000US48189)
0500000US37083,48622,,,HAL,1874472930,16919664,1008559,37083,Halifax (0500000US37083)
0500000US51111,11936,,,HAL,1118097708,1743628,1492239,51111,Halifax (0500000US51111)
0500000US13139,203136,,,HAL,1017835152,93987564,1686953,13139,Hall (0500000US13139)
0500000US31079,62895,,,HAL,1415143422,14903733,835861,31079,Hall (0500000US31079)
0500000US48191,2825,,,HAL,2288233615,53366403,1383881,48191,Hall (0500000US48191)
0500000US47063,64499,,,HAM,417475125,37853343,1648576,47063,Hamblen (0500000US47063)
0500000US12047,14004,,,HAM,1332018549,12330813,295736,12047,Hamilton (0500000US12047)
0500000US17065,7993,,,HAM,1125731580,3172088,424234,17065,Hamilton (0500000US17065)
0500000US18057,347467,,,HAM,1021440617,20943533,450356,18057,Hamilton (0500000US18057)
0500000US19079,15039,,,HAM,1493725536,1956182,465228,19079,Hamilton (0500000US19079)
0500000US20075,2518,,,HAM,2580958328,2893322,485327,20075,Hamilton (0500000US20075)
0500000US31081,9429,,,HAM,1404057517,6811577,835862,31081,Hamilton (0500000US31081)
0500000US36041,5107,,,HAM,4447989312,234204424,974119,36041,Hamilton (0500000US36041)
0500000US39061,830639,,,HAM,1050024551,18708466,1074043,39061,Hamilton (0500000US39061)
0500000US47065,366207,,,HAM,1404197532,86784458,1639749,47065,Hamilton (0500000US47065)
0500000US48193,8222,,,HAM,2165008742,1238628,1383882,48193,Hamilton (0500000US48193)
0500000US46057,6164,,,HAM,1313172143,80426441,1265766,46057,Hamlin (0500000US46057)
0500000US25013,465825,,,HAM,1598035109,44416904,606933,25013,Hampden (0500000US25013)
0500000US25015,162308,,,HAM,1365533877,46623894,606934,25015,Hampshire (0500000US25015)
0500000US54027,23093,,,HAM,1658633561,10902927,1718644,54027,Hampshire (0500000US54027)
0500000US45049,18561,,,HAM,1450327687,7072565,1248004,45049,Hampton (0500000US45049)
0500000US51113,13837,,,HAM,830449706,3205612,1494590,51113,Hampton (0500000US51113)
0500000US13141,8735,,,HAN,1220057418,17479620,348209,13141,Hancock (0500000US13141)
0500000US17067,17620,,,HAN,2055798695,53563360,424235,17067,Hancock (0500000US17067)
0500000US18059,79840,,,HAN,792425158,2769690,450357,18059,Hancock (0500000US18059)
0500000US19081,10795,,,HAN,1478895055,5265568,465229,19081,Hancock (0500000US19081)
0500000US21091,9095,,,HAN,486071470,29136422,516892,21091,Hancock (0500000US21091)
0500000US23009,55478,,,HAN,4110642800,1962698999,581290,23009,Hancock (0500000US23009)
0500000US28045,46053,,,HAN,1227561217,204095552,711756,28045,Hancock (0500000US28045)
0500000US39063,74920,,,HAN,1376124980,6021322,1074044,39063,Hancock (0500000US39063)
0500000US47067,6662,,,HAN,575816010,2988718,1648577,47067,Hancock (0500000US47067)
0500000US54029,29095,,,HAN,213958963,13877476,1560574,54029,Hancock (0500000US54029)
0500000US46059,3145,,,HAN,3720862490,9284294,1265783,46059,Hand (0500000US46059)
0500000US51115,8533,,,HAN,222508058,430071655,1480145,51115,Hanover (0500000US51115)
0500000US48195,5285,,,HAN,2382296646,1548341,1383883,48195,Hansford (0500000US48195)
0500000US46061,3461,,,HAN,1125562873,2003166,1266979,46061,Hanson (0500000US46061)
0500000US13143,29919,,,HAR,730804592,2616531,350637,13143,Haralson (0500000US13143)
0500000US12049,25327,,,HAR,1651297014,1472455,295746,12049,Hardee (0500000US12049)
0500000US47069,25462,,,HAR,1729509842,6768751,1639750,47069,Hardeman (0500000US47069)
0500000US48197,3549,,,HAR,1800337387,4548860,1383884,48197,Hardeman (0500000US48197)
0500000US17069,3649,,,HAR,459435094,10485761,424236,17069,Hardin (0500000US17069)
0500000US19083,16878,,,HAR,1474498036,1783759,465230,19083,Hardin (0500000US19083)
0500000US21093,110702,,,HAR,1614587759,17427592,516893,21093,Hardin (0500000US21093)
0500000US39065,30696,,,HAR,1218033114,630279,1074045,39065,Hardin (0500000US39065)
0500000US47071,26831,,,HAR,1495676918,48713523,1639751,47071,Hardin (0500000US47071)
0500000US48199,56231,,,HAR,2306612364,18037857,1383885,48199,Hardin (0500000US48199)
0500000US35021,657,,,HAR,5504963122,1162620,933055,35021,Harding (0500000US35021)
0500000US46063,1311,,,HAR,6919333290,16954253,1265792,46063,Harding (0500000US46063)
0500000US54031,14299,,,HAR,1508190150,5624064,1718557,54031,Hardy (0500000US54031)
0500000US24027,332317,,,HAR,649956423,6336170,1709077,24027,Harford (0500000US24027)
0500000US21095,26831,,,HAR,1206496138,6011473,516894,21095,Harlan (0500000US21095)
0500000US31083,3073,,,HAR,1433471221,53339808,835863,31083,Harlan (0500000US31083)
0500000US40057,2488,,,HAR,1391491971,3800411,1101816,40057,Harmon (0500000US40057)
0500000US37085,133568,,,HAR,1540870409,16294103,1008560,37085,Harnett (0500000US37085)
0500000US41025,7495,,,HAR,26248072905,241568254,1135852,41025,Harney (0500000US41025)
0500000US20077,5485,,,HAR,2075290355,3899269,485004,20077,Harper (0500000US20077)
0500000US40059,3272,,,HAR,2689919591,5259447,1101817,40059,Harper (0500000US40059)
0500000US13145,34668,,,HAR,1201258333,23693367,326700,13145,Harris (0500000US13145)
0500000US48201,4731145,,,HAR,4421068052,182379558,1383886,48201,Harris (0500000US48201)
0500000US18061,39654,,,HAR,1253823026,5278989,451677,18061,Harrison (0500000US18061)
0500000US19085,14582,,,HAR,1804896270,12325506,465231,19085,Harrison (0500000US19085)
0500000US21097,18692,,,HAR,793604330,8981053,516895,21097,Harrison (0500000US21097)
0500000US28047,208621,,,HAR,1485724358,1064607689,695747,28047,Harrison (0500000US28047)
0500000US29081,8157,,,HAR,1871309888,10070644,758495,29081,Harrison (0500000US29081)
0500000US39067,14483,,,HAR,1042032641,21847163,1074046,39067,Harrison (0500000US39067)
0500000US48203,68839,,,HAR,2331141022,40649337,1383887,48203,Harrison (0500000US48203)
0500000US54033,65921,,,HAR,1077456355,1318839,1718426,54033,Harrison (0500000US54033)
0500000US51117,30319,,,HAR,1619544367,139655804,1500747,51117,Harrisonburg (0500000US51117)
0500000US13147,25828,,,HAR,601970613,63521436,1687995,13147,Hart (0500000US13147)
0500000US21099,19288,,,HAR,1068536124,13686670,516896,21099,Hart (0500000US21099)
0500000US09003,899498,,,HAR,1903469905,40617843,212338,9003,Hartford (0500000US09003)
0500000US48205,5382,,,HAR,3786435508,3023183,1383888,48205,Hartley (0500000US48205)
0500000US20079,34024,,,HAR,1397961177,2503283,485005,20079,Harvey (0500000US20079)
0500000US20081,3780,,,HAS,1495772609,910409,485328,20081,Haskell (0500000US20081)
0500000US40061,11561,,,HAS,1493711222,126247870,1101818,40061,Haskell (0500000US40061)
0500000US48207,5416,,,HAS,2339103809,18465208,1383889,48207,Haskell (0500000US48207)
0500000US47073,56721,,,HAW,1261468092,32541837,1639752,47073,Hawkins (0500000US47073)
0500000US31085,856,,,HAY,1846821531,570786,835864,31085,Hayes (0500000US31085)
0500000US48209,241067,,,HAY,1753033395,5054128,1383890,48209,Hays (0500000US48209)
0500000US37087,62089,,,HAY,1433713845,2438478,1008561,37087,Haywood (0500000US37087)
0500000US47075,17864,,,HAY,1380741528,2472509,1639753,47075,Haywood (0500000US47075)
0500000US13149,11412,,,HEA,766567357,13263789,347067,13149,Heard (0500000US13149)
0500000US48211,3382,,,HEM,2347270019,15205586,1383891,48211,Hemphill (0500000US48211)
0500000US05057,20065,,,HEM,1883438547,35737908,66858,5057,Hempstead (0500000US05057)
0500000US17071,6387,,,HEN,981068796,42565932,424237,17071,Henderson (0500000US17071)
0500000US21101,44793,,,HEN,1130079862,75695856,516897,21101,Henderson (0500000US21101)
0500000US37089,116281,,,HEN,965934305,5531390,1008562,37089,Henderson (0500000US37089)
0500000US47077,27842,,,HEN,1346816755,15219341,1639754,47077,Henderson (0500000US47077)
0500000US48213,82150,,,HEN,2263082389,193353703,1383892,48213,Henderson (0500000US48213)
0500000US18063,174788,,,HEN,1053849393,4880798,450358,18063,Hendricks (0500000US18063)
0500000US12051,39619,,,HEN,2993896406,86578552,307626,12051,Hendry (0500000US12051)
0500000US27053,1281565,,,HEN,1434949247,136626454,659472,27053,Hennepin (0500000US27053)
0500000US51119,10625,,,HEN,337554148,208310589,1480147,51119,Henrico (0500000US51119)
0500000US01067,17146,,,HEN,1454959642,16953809,161559,1067,Henry (0500000US01067)
0500000US13151,240712,,,HEN,825449019,20273034,1671894,13151,Henry (0500000US13151)
0500000US17073,49284,,,HEN,2131719195,6804876,424238,17073,Henry (0500000US17073)
0500000US18065,48914,,,HEN,1014957933,7652084,450359,18065,Henry (0500000US18065)
0500000US19087,20482,,,HEN,1124800194,5774829,465232,19087,Henry (0500000US19087)
0500000US21103,15678,,,HEN,741500309,12501986,516898,21103,Henry (0500000US21103)
0500000US29083,21946,,,HEN,1805054746,91657543,758496,29083,Henry (0500000US29083)
0500000US39069,27662,,,HEN,1077461417,9687647,1074047,39069,Henry (0500000US39069)
0500000US47079,32199,,,HEN,1455320362,81582236,1639755,47079,Henry (0500000US47079)
0500000US51121,99721,,,HEN,1001929082,6282286,1674630,51121,Henry (0500000US51121)
0500000US36043,60139,,,HER,3653400318,120358453,974120,36043,Herkimer (0500000US36043)
0500000US12053,194515,,,HER,1224975804,627928028,295751,12053,Hernando (0500000US12053)
0500000US37091,21552,,,HER,914689325,18737418,1026127,37091,Hertford (0500000US37091)
0500000US38041,2489,,,HET,2932485810,4008872,1034209,38041,Hettinger (0500000US38041)
0500000US21105,4521,,,HIC,627487969,27882023,516899,21105,Hickman (0500000US21105)
0500000US47081,24925,,,HIC,1586324712,373710,1639756,47081,Hickman (0500000US47081)
0500000US29085,8279,,,HIC,1032908447,33454640,758497,29085,Hickory (0500000US29085)
0500000US35023,4178,,,HID,8905761778,23581028,929106,35023,Hidalgo (0500000US35023)
0500000US48215,870781,,,HID,4068758842,30739605,1383893,48215,Hidalgo (0500000US48215)
0500000US39071,43317,,,HIG,1432479980,12194983,1074048,39071,Highland (0500000US39071)
0500000US51125,14775,,,HIG,1219224542,8983980,1500936,51125,Highland (0500000US51125)
0500000US12055,101235,,,HIG,2635726554,230667878,295756,12055,Highlands (0500000US12055)
0500000US30041,16309,,,HIL,7509415030,44186124,1720048,30041,Hill (0500000US30041)
0500000US48217,35874,,,HIL,2483422646,69544723,1383894,48217,Hill (0500000US48217)
0500000US12057,1459762,,,HIL,2647881643,791190693,295757,12057,Hillsborough (0500000US12057)
0500000US33011,422937,,,HIL,2270191096,41320770,873179,33011,Hillsborough (0500000US33011)
0500000US26059,45746,,,HIL,1549207166,22939100,1622972,26059,Hillsdale (0500000US26059)
0500000US28049,227742,,,HIN,2252888818,19259026,695748,28049,Hinds (0500000US28049)
0500000US08053,788,,,HIN,2893614472,15324685,198142,8053,Hinsdale (0500000US08053)
0500000US31087,2616,,,HIT,1838742669,22103381,835865,31087,Hitchcock (0500000US31087)
0500000US39073,28050,,,HOC,1091289821,5955974,1074049,39073,Hocking (0500000US39073)
0500000US48219,21537,,,HOC,2352723961,446119,1383895,48219,Hockley (0500000US48219)
0500000US20083,1723,,,HOD,2227369150,826344,485006,20083,Hodgeman (0500000US20083)
0500000US37093,52082,,,HOK,1010491623,3949309,1008563,37093,Hoke (0500000US37093)
0500000US12059,19653,,,HOL,1240232910,26393540,295735,12059,Holmes (0500000US12059)
0500000US28051,17000,,,HOL,1959776830,20568825,695749,28051,Holmes (0500000US28051)
0500000US39075,44223,,,HOL,1094559493,3694365,1074050,39075,Holmes (0500000US39075)
0500000US29087,4223,,,HOL,1198369593,19839053,758498,29087,Holt (0500000US29087)
0500000US31089,10127,,,HOL,6248078947,13204331,835866,31089,Holt (0500000US31089)
0500000US48221,61598,,,HOO,1089582268,41775455,1383896,48221,Hood (0500000US48221)
0500000US41027,23977,,,HOO,1352200146,29043701,1155131,41027,Hood River (0500000US41027)
0500000US31091,711,,,HOO,1867796117,882994,835867,31091,Hooker (0500000US31091)
0500000US51127,22945,,,HOP,543986299,35598427,1480150,51127,Hopewell (0500000US51127)
0500000US21107,45423,,,HOP,1403991594,31937243,516900,21107,Hopkins (0500000US21107)
0500000US48223,36787,,,HOP,1987636011,65632971,1383897,48223,Hopkins (0500000US48223)
0500000US45051,351029,,,HOR,2935263896,314460540,1248005,45051,Horry (0500000US45051)
0500000US05059,33040,,,HOT,1592697317,18725599,66859,5059,Hot Spring (0500000US05059)
0500000US56017,4621,,,HOT,5191453508,5100561,1605074,56017,Hot Springs (0500000US56017)
0500000US26061,37361,,,HOU,2613558396,1275354760,1622973,26061,Houghton (0500000US26061)
0500000US01069,107202,,,HOU,1501742238,4795415,161560,1069,Houston (0500000US01069)
0500000US13153,163633,,,HOU,973954137,9990192,1671693,13153,Houston (0500000US13153)
0500000US27055,18843,,,HOU,1429966790,43313922,659473,27055,Houston (0500000US27055)
0500000US47083,8283,,,HOU,518758193,17303404,1648578,47083,Houston (0500000US47083)
0500000US48225,22066,,,HOU,3188278907,14435337,1383898,48225,Houston (0500000US48225)
0500000US05061,12785,,,HOW,1521168581,21361761,66872,5061,Howard (0500000US05061)
0500000US18067,83658,,,HOW,759058596,2194576,450360,18067,Howard (0500000US18067)
0500000US19089,9469,,,HOW,1225702841,931480,465233,19089,Howard (0500000US19089)
0500000US24029,19198,,,HOW,717497117,353321619,593907,24029,Howard (0500000US24029)
0500000US29089,10151,,,HOW,1201239501,19852372,758499,29089,Howard (0500000US29089)
0500000US31093,6475,,,HOW,1474578450,16199402,835868,31093,Howard (0500000US31093)
0500000US48227,34860,,,HOW,2333039143,8841781,1383899,48227,Howard (0500000US48227)
0500000US29091,39750,,,HOW,2401376472,2920041,758500,29091,Howell (0500000US29091)
0500000US27057,21344,,,HUB,2398345766,190324762,659474,27057,Hubbard (0500000US27057)
0500000US34017,724854,,,HUD,119640822,41836491,882278,34017,Hudson (0500000US34017)
0500000US48229,3202,,,HUD,11837605339,2189943,1383900,48229,Hudspeth (0500000US48229)
0500000US08055,6820,,,HUE,4120756290,5792101,198143,8055,Huerfano (0500000US08055)
0500000US40063,13367,,,HUG,2083569822,26467409,1101819,40063,Hughes (0500000US40063)
0500000US46065,17765,,,HUG,1920546194,153323261,1265774,46065,Hughes (0500000US46065)
0500000US06023,136463,,,HUM,9241565229,1253726036,1681908,6023,Humboldt (0500000US06023)
0500000US19091,9597,,,HUM,1125017998,3373409,465234,19091,Humboldt (0500000US19091)
0500000US32015,5734,,,HUM,14294783160,662270,863368,32015,Humboldt (0500000US32015)
0500000US28053,7785,,,HUM,1084375634,32514314,695750,28053,Humphreys (0500000US28053)
0500000US47085,18990,,,HUM,1374668727,67184110,1639757,47085,Humphreys (0500000US47085)
0500000US48231,99956,,,HUN,2176666776,107761746,1383901,48231,Hunt (0500000US48231)
0500000US34019,128947,,,HUN,1108086284,24761598,882228,34019,Hunterdon (0500000US34019)
0500000US42061,44092,,,HUN,2265337347,37851956,1213672,42061,Huntingdon (0500000US42061)
0500000US18069,36662,,,HUN,991062905,13127495,450361,18069,Huntington (0500000US18069)
0500000US26063,31407,,,HUR,2165275136,3369019054,1622974,26063,Huron (0500000US26063)
0500000US39077,58565,,,HUR,1274903645,8628942,1074051,39077,Huron (0500000US39077)
0500000US46067,7427,,,HUT,2105694667,3644220,1265771,46067,Hutchinson (0500000US46067)
0500000US48233,20617,,,HUT,2298408153,19507502,1383902,48233,Hutchinson (0500000US48233)
0500000US37095,4589,,,HYD,1585966933,2192929400,1008564,37095,Hyde (0500000US37095)
0500000US46069,1262,,,HYD,2229019814,14541548,1266984,46069,Hyde (0500000US46069)
0500000US22045,69929,,,IBE,1485913496,1182061975,558576,22045,Iberia (0500000US22045)
0500000US22047,30241,,,IBE,1602476038,88659446,558582,22047,Iberville (0500000US22047)
0500000US19093,7005,,,IDA,1117614339,1391966,465235,19093,Ida (0500000US19093)
0500000US16049,16541,,,IDA,21956620029,67533572,395699,16049,Idaho (0500000US16049)
0500000US06025,179702,,,IMP,10814595262,790216761,277277,6025,Imperial (0500000US06025)
0500000US05063,37938,,,IND,1978003740,20251226,69163,5063,Independence (0500000US05063)
0500000US12061,159788,,,IND,1302272811,295509933,307624,12061,Indian River (0500000US12061)
0500000US42063,83246,,,IND,2142965919,18089072,1213673,42063,Indiana (0500000US42063)
0500000US26065,284900,,,ING,1440251657,11990766,1622975,26065,Ingham (0500000US26065)
0500000US06027,19016,,,INY,26410783053,77280938,1804637,6027,Inyo (0500000US06027)
0500000US26067,66804,,,ION,1479710873,22590323,1622976,26067,Ionia (0500000US26067)
0500000US26069,25237,,,IOS,1422173769,3473068812,1622977,26069,Iosco (0500000US26069)
0500000US19095,16662,,,IOW,1518911689,2686847,465236,19095,Iowa (0500000US19095)
0500000US55049,23709,,,IOW,1975379904,13870324,1581084,55049,Iowa (0500000US55049)
0500000US37097,186693,,,IRE,1487728598,59511173,1008565,37097,Iredell (0500000US37097)
0500000US48235,1513,,,IRI,2723485995,176317,1383903,48235,Irion (0500000US48235)
0500000US26071,11631,,,IRO,3019919276,116800609,1622978,26071,Iron (0500000US26071)
0500000US29093,9537,,,IRO,1425174278,4665920,758501,29093,Iron (0500000US29093)
0500000US49021,57289,,,IRO,8537474384,11390956,1448025,49021,Iron (0500000US49021)
0500000US55051,6137,,,IRO,1963751254,416872439,1581085,55051,Iron (0500000US55051)
0500000US17075,27077,,,IRO,2894039688,4241183,424239,17075,Iroquois (0500000US17075)
0500000US13155,9666,,,IRW,917795237,21756147,352302,13155,Irwin (0500000US13155)
0500000US26073,64394,,,ISA,1483285544,12945211,1622979,26073,Isabella (0500000US26073)
0500000US27059,41135,,,ISA,1128608897,41203100,659475,27059,Isanti (0500000US27059)
0500000US53029,86857,,,ISL,539943912,799920796,1513272,53029,Island (0500000US53029)
0500000US51131,12282,,,ISL,548331037,1511369146,1480151,51131,Isle of Wight (0500000US51131)
0500000US28055,1338,,,ISS,1069614257,73664788,695751,28055,Issaquena (0500000US28055)
0500000US27061,45014,,,ITA,6909414890,673890473,659476,27061,Itasca (0500000US27061)
0500000US28057,23863,,,ITA,1379932997,19825536,695752,28057,Itawamba (0500000US28057)
0500000US05065,13577,,,IZA,1502652313,9576574,66860,5065,Izard (0500000US05065)
0500000US48237,8472,,,JAC,2359405674,23704615,1383904,48237,Jack (0500000US48237)
0500000US01071,52579,,,JAC,2792044654,126334707,161561,1071,Jackson (0500000US01071)
0500000US05067,16755,,,JAC,1641044497,20284490,66861,5067,Jackson (0500000US05067)
0500000US08057,1379,,,JAC,4179530231,18750017,198144,8057,Jackson (0500000US08057)
0500000US12063,47319,,,JAC,2378091733,94217116,295734,12063,Jackson (0500000US12063)
0500000US13157,75907,,,JAC,879711035,8858770,349570,13157,Jackson (0500000US13157)
0500000US17077,52974,,,JAC,1511439594,48312243,424240,17077,Jackson (0500000US17077)
0500000US18071,46428,,,JAC,1320836469,10174044,451678,18071,Jackson (0500000US18071)
0500000US19097,19485,,,JAC,1647344929,35129054,465237,19097,Jackson (0500000US19097)
0500000US20085,13232,,,JAC,1699600349,4666513,485007,20085,Jackson (0500000US20085)
0500000US21109,12955,,,JAC,894051380,3407440,516901,21109,Jackson (0500000US21109)
0500000US22049,15031,,,JAC,1474681465,28647417,558592,22049,Jackson (0500000US22049)
0500000US26075,160366,,,JAC,1817904856,55933446,1622980,26075,Jackson (0500000US26075)
0500000US27063,9989,,,JAC,1820689892,42120424,659477,27063,Jackson (0500000US27063)
0500000US28059,143252,,,JAC,1872109197,830292614,695753,28059,Jackson (0500000US28059)
0500000US29095,717204,,,JAC,1565698757,30621016,758502,29095,Jackson (0500000US29095)
0500000US37099,43109,,,JAC,1271968590,9746824,1008566,37099,Jackson (0500000US37099)
0500000US39079,32653,,,JAC,1088598926,3167846,1074052,39079,Jackson (0500000US39079)
0500000US40065,24785,,,JAC,2078860507,4114418,1101820,40065,Jackson (0500000US40065)
0500000US41029,223259,,,JAC,7208589509,46774848,1135853,41029,Jackson (0500000US41029)
0500000US46071,2806,,,JAC,4827433521,19106096,1265794,46071,Jackson (0500000US46071)
0500000US47087,11617,,,JAC,799813547,27751888,1639758,47087,Jackson (0500000US47087)
0500000US48239,14988,,,JAC,2148246693,71039573,1383905,48239,Jackson (0500000US48239)
0500000US54035,27791,,,JAC,1202685109,18828941,1559963,54035,Jackson (0500000US54035)
0500000US55053,21145,,,JAC,2558687755,32538316,1581086,55053,Jackson (0500000US55053)
0500000US51133,11839,,,JAM,495805446,243886813,1480152,51133,James City (0500000US51133)
0500000US13159,14588,,,JAS,954167636,13100766,346144,13159,Jasper (0500000US13159)
0500000US17079,9287,,,JAS,1281043621,9334509,424241,17079,Jasper (0500000US17079)
0500000US18073,32918,,,JAS,1449563749,4428654,450494,18073,Jasper (0500000US18073)
0500000US19099,37813,,,JAS,1891795098,6544165,465238,19099,Jasper (0500000US19099)
0500000US28061,16367,,,JAS,1751636189,3130850,695754,28061,Jasper (0500000US28061)
0500000US29097,122761,,,JAS,1653723325,7163884,758503,29097,Jasper (0500000US29097)
0500000US45053,28791,,,JAS,1696857613,120228675,1248006,45053,Jasper (0500000US45053)
0500000US48241,32980,,,JAS,2431105358,80399907,1383906,48241,Jasper (0500000US48241)
0500000US18075,20478,,,JAY,994310124,458556,450362,18075,Jay (0500000US18075)
0500000US13161,14779,,,JEF,857075892,11600966,1687999,13161,Jeff Davis (0500000US13161)
0500000US48243,1996,,,JEF,5865172239,206206,1383907,48243,Jeff Davis (0500000US48243)
0500000US01073,674721,,,JEF,2878852336,32681614,161562,1073,Jefferson (0500000US01073)
0500000US05069,67260,,,JEF,2259419628,113071689,66862,5069,Jefferson (0500000US05069)
0500000US08059,582910,,,JEF,1979735379,25071495,198145,8059,Jefferson (0500000US08059)
0500000US12065,14510,,,JEF,1549018611,193063921,295733,12065,Jefferson (0500000US12065)
0500000US13163,15709,,,JEF,1363771357,8059597,345714,13163,Jefferson (0500000US13163)
0500000US16051,30891,,,JEF,2832619466,31166194,399751,16051,Jefferson (0500000US16051)
0500000US17081,37113,,,JEF,1479490496,32550293,424242,17081,Jefferson (0500000US17081)
0500000US18077,33147,,,JEF,934084282,6112619,450363,18077,Jefferson (0500000US18077)
0500000US19101,15663,,,JEF,1128002393,3522238,465239,19101,Jefferson (0500000US19101)
0500000US20087,18368,,,JEF,1379494403,62293259,485008,20087,Jefferson (0500000US20087)
0500000US21111,782969,,,JEF,986271742,43513294,516902,21111,Jefferson (0500000US21111)
0500000US22053,32250,,,JEF,1687430142,18666917,558039,22053,Jefferson (0500000US22053)
0500000US28063,7260,,,JEF,1346620554,18988092,695755,28063,Jefferson (0500000US28063)
0500000US29099,226739,,,JEF,1700186581,20302343,758504,29099,Jefferson (0500000US29099)
0500000US30043,12085,,,JEF,4291603025,6256292,1720045,30043,Jefferson (0500000US30043)
0500000US31095,7240,,,JEF,1476754309,14214254,835869,31095,Jefferson (0500000US31095)
0500000US36045,116721,,,JEF,3283879458,1524564723,974121,36045,Jefferson (0500000US36045)
0500000US39081,65249,,,JEF,1057037100,7335056,1074053,39081,Jefferson (0500000US39081)
0500000US40067,5337,,,JEF,1965685986,39417590,1101821,40067,Jefferson (0500000US40067)
0500000US41031,24502,,,JEF,4614583047,26212115,1155132,41031,Jefferson (0500000US41031)
0500000US42065,44492,,,JEF,1689799787,11306232,1213674,42065,Jefferson (0500000US42065)
0500000US47089,54683,,,JEF,712437477,101637984,1639759,47089,Jefferson (0500000US47089)
0500000US48245,256526,,,JEF,2270802079,610951820,1383908,48245,Jefferson (0500000US48245)
0500000US53031,32977,,,JEF,4671633827,994992501,1531936,53031,Jefferson (0500000US53031)
0500000US54037,57701,,,JEF,542072983,6150170,1550025,54037,Jefferson (0500000US54037)
0500000US55055,84900,,,JEF,1441308422,67985729,1581087,55055,Jefferson (0500000US55055)
0500000US22051,440781,,,JEF,779455288,883412483,558027,22051,Jefferson Davis (0500000US22051)
0500000US28065,11321,,,JEF,1057871277,1791496,695756,28065,Jefferson Davis (0500000US28065)
0500000US13165,8674,,,JEN,899705947,13195935,342985,13165,Jenkins (0500000US13165)
0500000US18079,27613,,,JEN,975382324,4528274,450364,18079,Jennings (0500000US18079)
0500000US46073,1663,,,JER,1362677265,16727973,1265778,46073,Jerauld (0500000US46073)
0500000US16053,24237,,,JER,1547629731,12908802,395662,16053,Jerome (0500000US16053)
0500000US17083,21512,,,JER,957143527,20333974,424243,17083,Jersey (0500000US17083)
0500000US21113,52991,,,JES,445912083,6125310,516903,21113,Jessamine (0500000US21113)
0500000US20089,2932,,,JEW,2356813568,11367163,485009,20089,Jewell (0500000US20089)
0500000US48247,4838,,,JIM,2942674729,92565,1383909,48247,Jim Hogg (0500000US48247)
0500000US48249,38891,,,JIM,2240795375,8723372,1383910,48249,Jim Wells (0500000US48249)
0500000US17085,22035,,,JO,1556385347,45789931,424244,17085,Jo Daviess (0500000US17085)
0500000US05071,25749,,,JOH,1711970414,59529091,66863,5071,Johnson (0500000US05071)
0500000US13167,9189,,,JOH,784815230,9256633,346664,13167,Johnson (0500000US13167)
0500000US17087,13308,,,JOH,890273379,12814661,424245,17087,Johnson (0500000US17087)
0500000US18081,161765,,,JOH,829870736,3563935,450365,18081,Johnson (0500000US18081)
0500000US19103,152854,,,JOH,1587655795,26070845,465240,19103,Johnson (0500000US19103)
0500000US20091,609863,,,JOH,1226679688,16319024,485010,20091,Johnson (0500000US20091)
0500000US21115,22680,,,JOH,678484991,5623155,516904,21115,Johnson (0500000US21115)
0500000US29101,54013,,,JOH,2147776085,10180467,758505,29101,Johnson (0500000US29101)
0500000US31097,5290,,,JOH,974029895,1704834,835870,31097,Johnson (0500000US31097)
0500000US47091,17948,,,JOH,772956196,11007739,1639760,47091,Johnson (0500000US47091)
0500000US48251,179927,,,JOH,1877194307,24209268,1383911,48251,Johnson (0500000US48251)
0500000US56019,8447,,,JOH,10759204099,52952166,1609191,56019,Johnson (0500000US56019)
0500000US37101,215999,,,JOH,2051314624,9394347,1026327,37101,Johnston (0500000US37101)
0500000US40069,10272,,,JOH,1665488606,39648977,1101822,40069,Johnston (0500000US40069)
0500000US13169,28347,,,JON,1020304152,3820256,345367,13169,Jones (0500000US13169)
0500000US19105,20646,,,JON,1490844765,3782492,465241,19105,Jones (0500000US19105)
0500000US28067,67246,,,JON,1799639020,12681687,695757,28067,Jones (0500000US28067)
0500000US37103,9172,,,JON,1220836958,6031825,1026338,37103,Jones (0500000US37103)
0500000US46075,917,,,JON,2511438719,3147179,1266981,46075,Jones (0500000US46075)
0500000US48253,19663,,,JON,2405076785,22097342,1383912,48253,Jones (0500000US48253)
0500000US41033,88090,,,JOS,4244080762,5631773,1155133,41033,Josephine (0500000US41033)
0500000US49023,11786,,,JUA,8784407525,36542088,1455158,49023,Juab (0500000US49023)
0500000US30045,2023,,,JUD,4842466559,2066739,1719602,30045,Judith Basin (0500000US30045)
0500000US55057,26718,,,JUN,1986729542,98638538,1581088,55057,Juneau (0500000US55057)
0500000US42067,23509,,,JUN,1013697487,5502986,1209180,42067,Juniata (0500000US42067)
0500000US26077,261670,,,KAL,1455456980,47508422,1622981,26077,Kalamazoo (0500000US26077)
0500000US26079,17939,,,KAL,1449729130,28020186,1622982,26079,Kalkaska (0500000US26079)
0500000US27065,16032,,,KAN,1350962864,31252182,659478,27065,Kanabec (0500000US27065)
0500000US54039,180745,,,KAN,2335256702,24015465,1550026,54039,Kanawha (0500000US54039)
0500000US27067,43732,,,KAN,2065191962,168286642,659479,27067,Kandiyohi (0500000US27067)
0500000US17089,516522,,,KAN,1345149889,12474716,424246,17089,Kane (0500000US17089)
0500000US49025,7667,,,KAN,10333921894,306159895,1448026,49025,Kane (0500000US49025)
0500000US17091,107502,,,KAN,1752101352,12458978,424247,17091,Kankakee (0500000US17091)
0500000US48255,14710,,,KAR,1936669678,15010315,1383913,48255,Karnes (0500000US48255)
0500000US48257,145310,,,KAU,2022222599,69502488,1383914,48257,Kaufman (0500000US48257)
0500000US40071,43700,,,KAY,2381745586,65578499,1101823,40071,Kay (0500000US40071)
0500000US31099,6688,,,KEA,1337063562,274634,835871,31099,Kearney (0500000US31099)
0500000US20093,3983,,,KEA,2254696661,1133601,485011,20093,Kearny (0500000US20093)
0500000US31101,8335,,,KEI,2749903240,124629167,835872,31101,Keith (0500000US31101)
0500000US28069,8988,,,KEM,1984403150,2182350,695758,28069,Kemper (0500000US28069)
0500000US17093,131869,,,KEN,829412776,5136525,424248,17093,Kendall (0500000US17093)
0500000US48259,44279,,,KEN,1715747609,1496797,1383915,48259,Kendall (0500000US48259)
0500000US48261,350,,,KEN,3777657843,1261927310,1383916,48261,Kenedy (0500000US48261)
0500000US23011,123642,,,KEN,2246754883,216775743,581291,23011,Kennebec (0500000US23011)
0500000US55059,169151,,,KEN,704054452,1248862087,1581089,55059,Kenosha (0500000US55059)
0500000US10001,181851,,,KEN,1517891096,549776917,217271,10001,Kent (0500000US10001)
0500000US24031,1062061,,,KEN,1277193339,35686502,1712500,24031,Kent (0500000US24031)
0500000US26081,657974,,,KEN,2198720084,59599778,1622983,26081,Kent (0500000US26081)
0500000US44003,170363,,,KEN,436588773,50686111,1219778,44003,Kent (0500000US44003)
0500000US48263,753,,,KEN,2337482031,1065195,1383917,48263,Kent (0500000US48263)
0500000US21117,169064,,,KEN,415150771,10405456,516905,21117,Kenton (0500000US21117)
0500000US19107,10033,,,KEO,1500056812,1944064,465242,19107,Keokuk (0500000US19107)
0500000US06029,909235,,,KER,21068632654,78405068,2054176,6029,Kern (0500000US06029)
0500000US48265,52598,,,KER,2857617603,10231764,1383918,48265,Kerr (0500000US48265)
0500000US45055,65403,,,KER,1881916533,35348695,1248007,45055,Kershaw (0500000US45055)
0500000US55061,20563,,,KEW,886951790,1921336270,1581090,55061,Kewaunee (0500000US55061)
0500000US26083,2046,,,KEW,1398883242,14053673396,1622984,26083,Keweenaw (0500000US26083)
0500000US31103,769,,,KEY,2002257565,2192458,835873,31103,Keya Paha (0500000US31103)
0500000US38043,2394,,,KID,3499233947,211737414,1034206,38043,Kidder (0500000US38043)
0500000US31105,3434,,,KIM,2465517096,1448446,835874,31105,Kimball (0500000US31105)
0500000US48267,4286,,,KIM,3240024039,505509,1383919,48267,Kimble (0500000US48267)
0500000US48269,265,,,KIN,2359150569,6396290,1383920,48269,King (0500000US48269)
0500000US53033,2269675,,,KIN,5479337396,496938967,1531933,53033,King (0500000US53033)
0500000US51135,15642,,,KIN,814265583,4297830,1493928,51135,King and Queen (0500000US51135)
0500000US51137,36254,,,KIN,883388069,6487125,1494761,51137,King George (0500000US51137)
0500000US51139,23709,,,KIN,802949683,8369917,1500440,51139,King William (0500000US51139)
0500000US40073,15184,,,KIN,2326010568,20607580,1101824,40073,Kingfisher (0500000US40073)
0500000US20095,7470,,,KIN,2236245127,8391920,485012,20095,Kingman (0500000US20095)
0500000US06031,152486,,,KIN,3602601923,3164290,277280,6031,Kings (0500000US06031)
0500000US36047,2736074,,,KIN,179684484,71158757,974122,36047,Kings (0500000US36047)
0500000US46077,5187,,,KIN,2155483577,81655106,1265780,46077,Kingsbury (0500000US46077)
0500000US48271,3129,,,KIN,3523765247,11885327,1383921,48271,Kinney (0500000US48271)
0500000US08061,1446,,,KIO,4578603586,47032918,198146,8061,Kiowa (0500000US08061)
0500000US20097,2460,,,KIO,1871627807,596764,485013,20097,Kiowa (0500000US20097)
0500000US40075,8509,,,KIO,2629039886,40296743,1101825,40075,Kiowa (0500000US40075)
0500000US08063,7087,,,KIT,5596501951,2251929,198147,8063,Kit Carson (0500000US08063)
0500000US53035,275611,,,KIT,1023308791,442187072,1529223,53035,Kitsap (0500000US53035)
0500000US53037,44337,,,KIT,5949926850,92486168,1531926,53037,Kittitas (0500000US53037)
0500000US27069,4207,,,KIT,2846395545,12419294,659480,27069,Kittson (0500000US27069)
0500000US41035,69413,,,KLA,15410373389,484953082,1155134,41035,Klamath (0500000US41035)
0500000US48273,31040,,,KLE,2282572444,541041659,1383922,48273,Kleberg (0500000US48273)
0500000US53039,22735,,,KLI,4847515939,84930636,1529219,53039,Klickitat (0500000US53039)
0500000US21119,14251,,,KNO,910427582,3453303,516906,21119,Knott (0500000US21119)
0500000US17095,49967,,,KNO,1855428897,8837382,424249,17095,Knox (0500000US17095)
0500000US18083,36282,,,KNO,1335984776,20892977,450366,18083,Knox (0500000US18083)
0500000US21121,30193,,,KNO,1000530159,3736738,516907,21121,Knox (0500000US21121)
0500000US23013,40607,,,KNO,945723205,2017077723,581292,23013,Knox (0500000US23013)
0500000US29103,3744,,,KNO,1305376625,7307094,758506,29103,Knox (0500000US29103)
0500000US31107,8391,,,KNO,2870854403,81011712,835875,31107,Knox (0500000US31107)
0500000US39083,62721,,,KNO,1361036418,10721050,1074054,39083,Knox (0500000US39083)
0500000US47093,478971,,,KNO,1316574580,45556080,1639761,47093,Knox (0500000US47093)
0500000US48275,3353,,,KNO,2203098613,12587673,1383923,48275,Knox (0500000US48275)
0500000US27071,12062,,,KOO,8040894566,132735376,659481,27071,Koochiching (0500000US27071)
0500000US16055,171362,,,KOO,3205837532,184443859,395661,16055,Kootenai (0500000US16055)
0500000US18085,80240,,,KOS,1376438777,59432525,450367,18085,Kosciusko (0500000US18085)
0500000US19109,14828,,,KOS,2519361810,4125592,465243,19109,Kossuth (0500000US19109)
0500000US55063,120784,,,LA,1170175008,73150469,1581091,55063,La Crosse (0500000US55063)
0500000US04012,16557,,,LA,11646086700,36514200,43540,4012,La Paz (0500000US04012)
0500000US08065,7436,,,LA,976215864,18111565,198149,8065,La Plata (0500000US08065)
0500000US48277,50088,,,LA,2349976646,66748710,1383925,48277,La Salle (0500000US48277)
0500000US20099,20184,,,LAB,1671560715,20006201,485014,20099,Labette (0500000US20099)
0500000US27073,6719,,,LAC,1981395022,33648339,659482,27073,Lac qui Parle (0500000US27073)
0500000US42069,215896,,,LAC,1188509485,15908159,1213675,42069,Lackawanna (0500000US42069)
0500000US29105,36039,,,LAC,1980386265,8708349,758507,29105,Laclede (0500000US29105)
0500000US05073,6308,,,LAF,1371327392,43028603,66864,5073,Lafayette (0500000US05073)
0500000US12067,8226,,,LAF,1407256302,11817999,295732,12067,Lafayette (0500000US12067)
0500000US22055,241753,,,LAF,696257610,1149127,558059,22055,Lafayette (0500000US22055)
0500000US28071,55813,,,LAF,1636088509,123105438,695759,28071,Lafayette (0500000US28071)
0500000US29107,32984,,,LAF,1627237794,27073170,758508,29107,Lafayette (0500000US29107)
0500000US55065,16611,,,LAF,1640985427,2539010,1581092,55065,Lafayette (0500000US55065)
0500000US22057,97557,,,LAF,2765571303,1037643577,558065,22057,Lafourche (0500000US22057)
0500000US18087,40446,,,LAG,983236299,18318588,450368,18087,LaGrange (0500000US18087)
0500000US06033,68163,,,LAK,3254452700,188748214,277281,6033,Lake (0500000US06033)
0500000US08067,55638,,,LAK,4376255277,25642579,198148,8067,Lake (0500000US08067)
0500000US12069,383956,,,LAK,2464981507,531018779,308551,12069,Lake (0500000US12069)
0500000US17097,714342,,,LAK,1148958738,2395000012,1784796,17097,Lake (0500000US17097)
0500000US18089,498700,,,LAK,1291957607,331002858,450495,18089,Lake (0500000US18089)
0500000US26085,12096,,,LAK,1470061185,17483127,1622985,26085,Lake (0500000US26085)
0500000US27075,10905,,,LAK,5462563556,2283905010,659484,27075,Lake (0500000US27075)
0500000US30047,31134,,,LAK,3860292622,423545836,1796943,30047,Lake (0500000US30047)
0500000US39085,232603,,,LAK,593807529,1942301385,1074055,39085,Lake (0500000US39085)
0500000US41037,8160,,,LAK,21078901111,568489460,1135854,41037,Lake (0500000US41037)
0500000US46079,11059,,,LAK,1457879899,31783045,1265776,46079,Lake (0500000US46079)
0500000US47095,7005,,,LAK,429381241,72799687,1639762,47095,Lake (0500000US47095)
0500000US27077,3763,,,LAK,3361396302,1248338649,659483,27077,Lake of the Woods (0500000US27077)
0500000US01075,13972,,,LAM,1566544683,1600679,161563,1075,Lamar (0500000US01075)
0500000US13171,18500,,,LAM,475264404,6044329,326713,13171,Lamar (0500000US13171)
0500000US28073,64222,,,LAM,1286109795,8871408,695760,28073,Lamar (0500000US28073)
0500000US48279,13045,,,LAM,2631897589,3973764,1383926,48279,Lamar (0500000US48279)
0500000US48281,21627,,,LAM,1845440041,2749903,1383927,48281,Lamb (0500000US48281)
0500000US50015,25945,,,LAM,1194643959,12744800,1461764,50015,Lamoille (0500000US50015)
0500000US38045,4093,,,LAM,2968139583,12824671,1035621,38045,LaMoure (0500000US38045)
0500000US48283,6664,,,LAM,3850545747,19503739,1383924,48283,Lampasas (0500000US48283)
0500000US31109,322608,,,LAN,2169272970,22847034,835876,31109,Lancaster (0500000US31109)
0500000US42071,552984,,,LAN,2444751632,103368819,1209181,42071,Lancaster (0500000US42071)
0500000US45057,96016,,,LAN,1422080346,15487881,1248008,45057,Lancaster (0500000US45057)
0500000US51141,17608,,,LAN,1250846155,7141128,1497999,51141,Lancaster (0500000US51141)
0500000US32017,4499,,,LAN,27540342252,9802713,863992,32017,Lander (0500000US32017)
0500000US20101,1574,,,LAN,1858080220,551220,485015,20101,Lane (0500000US20101)
0500000US41039,382971,,,LAN,11795044830,436058218,1135855,41039,Lane (0500000US41039)
0500000US55067,19491,,,LAN,2255098142,44277570,1581093,55067,Langlade (0500000US55067)
0500000US13173,9877,,,LAN,509030778,8418857,348102,13173,Lanier (0500000US13173)
0500000US26087,88619,,,LAP,1675677869,41080674,1622986,26087,Lapeer (0500000US26087)
0500000US18091,112417,,,LAP,1549555243,38779440,450507,18091,LaPorte (0500000US18091)
0500000US56021,100512,,,LAR,6956355039,4348083,1605075,56021,Laramie (0500000US56021)
0500000US08069,359066,,,LAR,6723017943,98980718,198150,8069,Larimer (0500000US08069)
0500000US21123,14867,,,LAR,677420083,5392465,516908,21123,Larue (0500000US21123)
0500000US08071,14555,,,LAS,12361852647,6929970,198151,8071,Las Animas (0500000US08071)
0500000US17099,109658,,,LAS,2940059892,33708940,422247,17099,LaSalle (0500000US17099)
0500000US22059,14791,,,LAS,1618363236,97655624,558049,22059,LaSalle (0500000US22059)
0500000US06035,32730,,,LAS,11762091407,462950203,1693324,6035,Lassen (0500000US06035)
0500000US16057,39517,,,LAT,2786483032,2369979,395613,16057,Latah (0500000US16057)
0500000US40077,9444,,,LAT,1870243094,18243671,1101826,40077,Latimer (0500000US40077)
0500000US01077,93564,,,LAU,1730150447,133604580,161564,1077,Lauderdale (0500000US01077)
0500000US28075,72984,,,LAU,1822508248,29730521,695761,28075,Lauderdale (0500000US28075)
0500000US47097,25143,,,LAU,1222203226,80251266,1639763,47097,Lauderdale (0500000US47097)
0500000US21125,62613,,,LAU,1124025614,25134447,516909,21125,Laurel (0500000US21125)
0500000US13175,49570,,,LAU,2090990041,28838468,346568,13175,Laurens (0500000US13175)
0500000US45059,67539,,,LAU,1846324508,26063893,1248009,45059,Laurens (0500000US45059)
0500000US48285,20337,,,LAV,2511535248,1882216,1383928,48285,Lavaca (0500000US48285)
0500000US01079,33073,,,LAW,1788864348,68682286,161565,1079,Lawrence (0500000US01079)
0500000US05075,16216,,,LAW,1521690357,12395693,66865,5075,Lawrence (0500000US05075)
0500000US17101,15280,,,LAW,963938126,5076516,424252,17101,Lawrence (0500000US17101)
0500000US18093,45011,,,LAW,1163282503,7207557,451703,18093,Lawrence (0500000US18093)
0500000US21127,16293,,,LAW,1076387821,11582520,516910,21127,Lawrence (0500000US21127)
0500000US28077,12016,,,LAW,1115254005,13188412,695762,28077,Lawrence (0500000US28077)
0500000US29109,38001,,,LAW,1584393361,4247256,758509,29109,Lawrence (0500000US29109)
0500000US39087,58240,,,LAW,1174282178,10029914,1074056,39087,Lawrence (0500000US39087)
0500000US42073,86070,,,LAW,925571230,11444141,1213676,42073,Lawrence (0500000US42073)
0500000US46081,25768,,,LAW,2072127354,667509,1266996,46081,Lawrence (0500000US46081)
0500000US47099,44159,,,LAW,1598359119,2218403,1639764,47099,Lawrence (0500000US47099)
0500000US40079,48129,,,LE,4116554962,49752941,1101827,40079,Le Flore (0500000US40079)
0500000US27079,28674,,,LE,1162060232,65125082,659485,27079,Le Sueur (0500000US27079)
0500000US35025,74455,,,LEA,11374066527,8147103,1702365,35025,Lea (0500000US35025)
0500000US28079,21275,,,LEA,1509697192,6376466,695763,28079,Leake (0500000US28079)
0500000US20103,81881,,,LEA,1200218359,14338598,485016,20103,Leavenworth (0500000US20103)
0500000US42075,143257,,,LEB,937148912,1722125,1214034,42075,Lebanon (0500000US42075)
0500000US01081,174241,,,LEE,1573526818,21516747,161566,1081,Lee (0500000US01081)
0500000US05077,8600,,,LEE,1553493435,57858191,66866,5077,Lee (0500000US05077)
0500000US12071,760822,,,LEE,2022803065,1900583561,295758,12071,Lee (0500000US12071)
0500000US13177,33163,,,LEE,921731096,15310679,343390,13177,Lee (0500000US13177)
0500000US17103,34145,,,LEE,1877189070,9732924,424253,17103,Lee (0500000US17103)
0500000US19111,33555,,,LEE,1340448559,55266767,465244,19111,Lee (0500000US19111)
0500000US21129,7395,,,LEE,540942120,6215041,516911,21129,Lee (0500000US21129)
0500000US28081,83343,,,LEE,1165404273,8314455,695764,28081,Lee (0500000US28081)
0500000US37105,63285,,,LEE,660607453,10725289,1008567,37105,Lee (0500000US37105)
0500000US45061,16531,,,LEE,1062372306,2715077,1245652,45061,Lee (0500000US45061)
0500000US48287,17478,,,LEE,1629204757,13122562,1383929,48287,Lee (0500000US48287)
0500000US51143,60501,,,LEE,2509705676,23903849,1480157,51143,Lee (0500000US51143)
0500000US26089,22301,,,LEE,899241892,5659105321,1622987,26089,Leelanau (0500000US26089)
0500000US28083,28339,,,LEF,1538645699,31868197,695765,28083,Leflore (0500000US28083)
0500000US42077,374557,,,LEH,894402602,7479388,1209182,42077,Lehigh (0500000US42077)
0500000US16059,7974,,,LEM,11819914566,14105634,399754,16059,Lemhi (0500000US16059)
0500000US26091,99423,,,LEN,1941526154,30497573,1622988,26091,Lenawee (0500000US26091)
0500000US37107,55122,,,LEN,1033630014,5900299,1008568,37107,Lenoir (0500000US37107)
0500000US12073,292198,,,LEO,1731225654,86408794,306916,12073,Leon (0500000US12073)
0500000US48289,15719,,,LEO,2779462026,19328383,1383930,48289,Leon (0500000US48289)
0500000US21131,10513,,,LES,1038293170,9102560,516912,21131,Leslie (0500000US21131)
0500000US21133,21548,,,LET,875235600,2856315,516913,21133,Letcher (0500000US21133)
0500000US12075,42915,,,LEV,2896188989,1224366488,295724,12075,Levy (0500000US12075)
0500000US16061,3533,,,LEW,1240141960,2340247,395622,16061,Lewis (0500000US16061)
0500000US21135,13080,,,LEW,1250550862,31893475,516914,21135,Lewis (0500000US21135)
0500000US29111,10032,,,LEW,1307988621,14965606,758510,29111,Lewis (0500000US29111)
0500000US36049,26582,,,LEW,3306017158,39659426,974123,36049,Lewis (0500000US36049)
0500000US47101,12582,,,LEW,730614739,1024940,1639765,47101,Lewis (0500000US47101)
0500000US53041,82149,,,LEW,6223175362,86929744,1531927,53041,Lewis (0500000US53041)
0500000US54041,17033,,,LEW,1002143596,7036534,1550027,54041,Lewis (0500000US54041)
0500000US30049,70973,,,LEW,8957164728,101496096,793926,30049,Lewis and Clark (0500000US30049)
0500000US45063,293991,,,LEX,1810397033,151833121,1244251,45063,Lexington (0500000US45063)
0500000US51145,30333,,,LEX,673921283,5444168,1674225,51145,Lexington (0500000US51145)
0500000US12077,7974,,,LIB,2164099094,19582444,308549,12077,Liberty (0500000US12077)
0500000US13179,65256,,,LIB,1337654103,222884791,357095,13179,Liberty (0500000US13179)
0500000US30051,1959,,,LIB,3703651373,44411471,1720036,30051,Liberty (0500000US30051)
0500000US48291,91628,,,LIB,3000121460,46620495,1383931,48291,Liberty (0500000US48291)
0500000US39089,178519,,,LIC,1767478831,12761090,1074057,39089,Licking (0500000US39089)
0500000US01083,103570,,,LIM,1450297458,122310053,161567,1083,Limestone (0500000US01083)
0500000US48293,22146,,,LIM,2345053180,71830221,1383932,48293,Limestone (0500000US48293)
0500000US05079,12941,,,LIN,1448998822,26693160,66873,5079,Lincoln (0500000US05079)
0500000US08073,5675,,,LIN,6676289547,22780358,198152,8073,Lincoln (0500000US08073)
0500000US13181,7690,,,LIN,544884775,121513274,1688000,13181,Lincoln (0500000US13181)
0500000US16063,5127,,,LIN,3111517506,11588561,395624,16063,Lincoln (0500000US16063)
0500000US20105,2939,,,LIN,1863226707,2748359,485017,20105,Lincoln (0500000US20105)
0500000US21137,24275,,,LIN,862060462,9192346,516915,21137,Lincoln (0500000US21137)
0500000US22061,48396,,,LIN,1221532395,1897706,558077,22061,Lincoln (0500000US22061)
0500000US23015,35237,,,LIN,1180688993,631299424,581293,23015,Lincoln (0500000US23015)
0500000US27081,5640,,,LIN,1390265112,30167787,659486,27081,Lincoln (0500000US27081)
0500000US28085,34907,,,LIN,1518269755,5291052,695766,28085,Lincoln (0500000US28085)
0500000US29113,59574,,,LIN,1622789067,36002285,758511,29113,Lincoln (0500000US29113)
0500000US30053,19677,,,LIN,9356484224,161555792,1720038,30053,Lincoln (0500000US30053)
0500000US31111,34676,,,LIN,6641092845,28436694,835877,31111,Lincoln (0500000US31111)
0500000US32019,59235,,,LIN,5187939862,59489121,858645,32019,Lincoln (0500000US32019)
0500000US35027,20269,,,LIN,12512530053,554839,929116,35027,Lincoln (0500000US35027)
0500000US37109,86810,,,LIN,766239897,23350160,1008569,37109,Lincoln (0500000US37109)
0500000US40081,33458,,,LIN,2466634961,34717863,1101828,40081,Lincoln (0500000US40081)
0500000US41041,50395,,,LIN,2540733361,553145239,1135856,41041,Lincoln (0500000US41041)
0500000US46083,65161,,,LIN,1495182125,1179561,1265769,46083,Lincoln (0500000US46083)
0500000US47103,35319,,,LIN,1477179214,971039,1639766,47103,Lincoln (0500000US47103)
0500000US53043,10876,,,LIN,5984421204,75265950,1514052,53043,Lincoln (0500000US53043)
0500000US54043,20463,,,LIN,1132065764,4053564,1550028,54043,Lincoln (0500000US54043)
0500000US55069,28415,,,LIN,2275832535,72745054,1581094,55069,Lincoln (0500000US55069)
0500000US56023,19581,,,LIN,10555073814,49947312,1605076,56023,Lincoln (0500000US56023)
0500000US19113,230299,,,LIN,1857173067,19710590,465245,19113,Linn (0500000US19113)
0500000US20107,9591,,,LIN,1538662702,31893232,485018,20107,Linn (0500000US20107)
0500000US29115,11874,,,LIN,1594366554,14989603,758512,29115,Linn (0500000US29115)
0500000US41043,128610,,,LIN,5929198837,50052280,1135857,41043,Linn (0500000US41043)
0500000US48295,3059,,,LIP,2414422644,298741,1383933,48295,Lipscomb (0500000US48295)
0500000US09005,185186,,,LIT,2384123146,62350378,212796,9005,Litchfield (0500000US09005)
0500000US05081,12026,,,LIT,1375943077,83115227,66874,5081,Little River (0500000US05081)
0500000US48297,11335,,,LIV,2692796909,101483818,1383934,48297,Live Oak (0500000US48297)
0500000US17105,35815,,,LIV,2702983878,5975815,424254,17105,Livingston (0500000US17105)
0500000US21139,8888,,,LIV,811362663,74813866,516916,21139,Livingston (0500000US21139)
0500000US22063,142282,,,LIV,1678641293,112186821,558083,22063,Livingston (0500000US22063)
0500000US26093,193866,,,LIV,1464079839,52114448,1622989,26093,Livingston (0500000US26093)
0500000US29117,14557,,,LIV,1378657549,16187907,758513,29117,Livingston (0500000US29117)
0500000US36051,61834,,,LIV,1636254771,22005356,974124,36051,Livingston (0500000US36051)
0500000US48299,21243,,,LLA,2419214536,82342037,1383935,48299,Llano (0500000US48299)
0500000US05083,21131,,,LOG,1836602034,53970569,82850,5083,Logan (0500000US05083)
0500000US08075,21528,,,LOG,4761947975,16363553,198153,8075,Logan (0500000US08075)
0500000US17107,27987,,,LOG,1600748259,2262329,424255,17107,Logan (0500000US17107)
0500000US20109,2762,,,LOG,2779039723,274632,485019,20109,Logan (0500000US20109)
0500000US21141,27432,,,LOG,1430224002,12479211,516917,21141,Logan (0500000US21141)
0500000US31113,716,,,LOG,1478101945,1203586,835878,31113,Logan (0500000US31113)
0500000US38047,1876,,,LOG,2570819037,47710154,1035620,38047,Logan (0500000US38047)
0500000US39091,46150,,,LOG,1187523861,21593253,1074058,39091,Logan (0500000US39091)
0500000US40083,49555,,,LOG,1926268077,13203700,1101829,40083,Logan (0500000US40083)
0500000US54045,32567,,,LOG,1175120719,4748336,1550029,54045,Logan (0500000US54045)
0500000US13183,16168,,,LON,1037006566,8862019,326719,13183,Long (0500000US13183)
0500000US05085,74015,,,LON,1998042333,82719024,69164,5085,Lonoke (0500000US05085)
0500000US39093,312964,,,LOR,1270483154,1119495057,1074059,39093,Lorain (0500000US39093)
0500000US35028,19419,,,LOS,282626748,208105,1702366,35028,Los Alamos (0500000US35028)
0500000US06037,10014009,,,LOS,10513508620,1787475204,277283,6037,Los Angeles (0500000US06037)
0500000US47105,54886,,,LOU,593811372,46869994,1639767,47105,Loudon (0500000US47105)
0500000US51147,21849,,,LOU,906356801,10079281,1492359,51147,Loudoun (0500000US51147)
0500000US19115,10837,,,LOU,1040596801,40784321,465246,19115,Louisa (0500000US19115)
0500000US51149,43010,,,LOU,687232241,42745198,1480160,51149,Louisa (0500000US51149)
0500000US31115,607,,,LOU,1459513675,19565477,835879,31115,Loup (0500000US31115)
0500000US40085,10146,,,LOV,1331030675,47500741,1101830,40085,Love (0500000US40085)
0500000US48301,64,,,LOV,1732230053,19981167,1383936,48301,Loving (0500000US48301)
0500000US01085,10311,,,LOW,1854651814,23271259,161568,1085,Lowndes (0500000US01085)
0500000US13185,118251,,,LOW,1287842038,34542105,326720,13185,Lowndes (0500000US13185)
0500000US28087,58879,,,LOW,1309105223,28532500,695767,28087,Lowndes (0500000US28087)
0500000US48303,310639,,,LUB,2319597749,13210797,1383937,48303,Lubbock (0500000US48303)
0500000US19117,8634,,,LUC,1115458264,9852845,465247,19117,Lucas (0500000US19117)
0500000US39095,431279,,,LUC,879723724,663488658,1074060,39095,Lucas (0500000US39095)
0500000US26095,5339,,,LUC,2328593560,2624711552,1622990,26095,Luce (0500000US26095)
0500000US13187,33488,,,LUM,732820607,3275562,357196,13187,Lumpkin (0500000US13187)
0500000US35029,25427,,,LUN,7679776933,433660,933057,35029,Luna (0500000US35029)
0500000US51153,482204,,,LUN,868309976,30837608,1480161,51153,Lunenburg (0500000US51153)
0500000US42079,325594,,,LUZ,2304768922,42104649,1209183,42079,Luzerne (0500000US42079)
0500000US42081,114188,,,LYC,3182886778,38917581,1213677,42081,Lycoming (0500000US42081)
0500000US46085,3718,,,LYM,4253498542,167300393,1265789,46085,Lyman (0500000US46085)
0500000US51155,33800,,,LYN,828378951,24875979,1501465,51155,Lynchburg (0500000US51155)
0500000US48305,5596,,,LYN,2309924847,4169718,1383938,48305,Lynn (0500000US48305)
0500000US19119,11934,,,LYO,1521901261,440273,465248,19119,Lyon (0500000US19119)
0500000US20111,32179,,,LYO,2194958222,20561825,485020,20111,Lyon (0500000US20111)
0500000US21143,8680,,,LYO,553848612,110565602,516918,21143,Lyon (0500000US21143)
0500000US27083,25269,,,LYO,1850315109,18794794,659487,27083,Lyon (0500000US27083)
0500000US32021,4554,,,LYO,9715777470,155864513,858644,32021,Lyon (0500000US32021)
0500000US26097,10834,,,MAC,2646654800,2793754477,1622991,26097,Mackinac (0500000US26097)
0500000US26099,881217,,,MAC,1241505071,237173296,1622992,26099,Macomb (0500000US26099)
0500000US01087,19532,,,MAC,1576435594,11765508,161569,1087,Macon (0500000US01087)
0500000US13189,21632,,,MAC,666590014,23114032,348794,13189,Macon (0500000US13189)
0500000US17109,27238,,,MAC,1526339605,2012552,1784729,17109,Macon (0500000US17109)
0500000US29119,23303,,,MAC,1397155452,520251,758518,29119,Macon (0500000US29119)
0500000US37111,44578,,,MAC,1139476688,13977729,1025836,37111,Macon (0500000US37111)
0500000US47107,53276,,,MAC,1113997311,5340568,1639773,47107,Macon (0500000US47107)
0500000US17111,310229,,,MAC,1562785695,19871852,1784815,17111,Macoupin (0500000US17111)
0500000US06039,156255,,,MAD,5534591552,42271836,277284,6039,Madera (0500000US06039)
0500000US01089,388153,,,MAD,2076137768,28784863,161570,1089,Madison (0500000US01089)
0500000US05087,16521,,,MAD,2160639839,7455609,69165,5087,Madison (0500000US05087)
0500000US12079,17968,,,MAD,1804001483,49634046,295731,12079,Madison (0500000US12079)
0500000US13191,10975,,,MAD,1117201522,369165150,356886,13191,Madison (0500000US13191)
0500000US16065,52913,,,MAD,1215396268,10500951,394803,16065,Madison (0500000US16065)
0500000US17113,170954,,,MAD,3064597291,7804856,1784833,17113,Madison (0500000US17113)
0500000US18095,130129,,,MAD,1170470206,2546731,450370,18095,Madison (0500000US18095)
0500000US19121,16548,,,MAD,1452999050,2983840,465249,19121,Madison (0500000US19121)
0500000US21145,67875,,,MAD,644192188,49762212,516925,21145,Madison (0500000US21145)
0500000US22065,10017,,,MAD,1616604801,68460376,558088,22065,Madison (0500000US22065)
0500000US28089,109145,,,MAD,1850178950,71697237,695768,28089,Madison (0500000US28089)
0500000US29121,15209,,,MAD,2075118027,28912941,758514,29121,Madison (0500000US29121)
0500000US30055,1729,,,MAD,6843332035,103024685,1716270,30055,Madison (0500000US30055)
0500000US31117,399,,,MAD,2225460625,2680669,835881,31117,Madison (0500000US31117)
0500000US36053,68016,,,MAD,1696054036,16691322,974125,36053,Madison (0500000US36053)
0500000US37113,37014,,,MAD,1335344502,10604264,1025833,37113,Madison (0500000US37113)
0500000US39097,43824,,,MAD,1206451440,2129636,1074061,39097,Madison (0500000US39097)
0500000US47109,25866,,,MAD,1457753351,1994997,1639774,47109,Madison (0500000US47109)
0500000US48307,7630,,,MAD,2759893532,20286193,1383945,48307,Madison (0500000US48307)
0500000US51157,7348,,,MAD,689900922,2142396,1673976,51157,Madison (0500000US51157)
0500000US21147,16888,,,MAG,1105416696,10730402,516926,21147,Magoffin (0500000US21147)
0500000US19123,22190,,,MAH,1478498325,6594320,465250,19123,Mahaska (0500000US19123)
0500000US27085,36771,,,MAH,1273004835,36432583,659491,27085,Mahnomen (0500000US27085)
0500000US39099,228614,,,MAH,1065748187,35455920,1074062,39099,Mahoning (0500000US39099)
0500000US40087,41662,,,MAJ,1478150667,24712058,1101834,40087,Major (0500000US40087)
0500000US41045,31571,,,MAL,25609051307,108997319,1135858,41045,Malheur (0500000US41045)
0500000US51159,8923,,,MAN,495925426,64458631,1480164,51159,Manassas (0500000US51159)
0500000US51161,96929,,,MAN,648915079,1762677,1480165,51161,Manassas Park (0500000US51161)
0500000US12081,399710,,,MAN,1923744056,573084762,295744,12081,Manatee (0500000US12081)
0500000US26101,25032,,,MAN,1404616375,1912438851,1622993,26101,Manistee (0500000US26101)
0500000US55071,81359,,,MAN,1526295968,2343344181,1581095,55071,Manitowoc (0500000US55071)
0500000US55073,138013,,,MAR,4002035761,80651079,1581096,55073,Marathon (0500000US55073)
0500000US01091,19323,,,MAR,2530155136,14951685,161572,1091,Marengo (0500000US01091)
0500000US04013,4420568,,,MAR,23833061798,62173467,37026,4013,Maricopa (0500000US04013)
0500000US29123,12626,,,MAR,1280454067,8322301,758515,29123,Maries (0500000US29123)
0500000US06041,262321,,,MAR,1347889807,797077678,277285,6041,Marin (0500000US06041)
0500000US55075,41872,,,MAR,3624599046,389876770,1581097,55075,Marinette (0500000US55075)
0500000US01093,29341,,,MAR,1922660061,3180617,161573,1093,Marion (0500000US01093)
0500000US05089,16826,,,MAR,1545325346,112951240,69898,5089,Marion (0500000US05089)
0500000US12083,375908,,,MAR,4113994502,192281277,306922,12083,Marion (0500000US12083)
0500000US13193,12082,,,MAR,1037709945,13841916,346957,13193,Marion (0500000US13193)
0500000US17115,103998,,,MAR,1503684111,13406665,424256,17115,Marion (0500000US17115)
0500000US18097,977203,,,MAR,1027221236,16566444,450371,18097,Marion (0500000US18097)
0500000US19125,33414,,,MAR,1436123094,41484609,465251,19125,Marion (0500000US19125)
0500000US20113,30223,,,MAR,2326547430,6003328,485021,20113,Marion (0500000US20113)
0500000US21149,9152,,,MAR,654041001,9606626,516927,21149,Marion (0500000US21149)
0500000US28091,24441,,,MAR,1404804179,16115365,695769,28091,Marion (0500000US28091)
0500000US29125,8432,,,MAR,1364873607,7632374,758516,29125,Marion (0500000US29125)
0500000US39101,65359,,,MAR,1045853061,908577,1074063,39101,Marion (0500000US39101)
0500000US41047,345920,,,MAR,3059027620,26557435,1135859,41047,Marion (0500000US41047)
0500000US45065,9526,,,MAR,929457509,89976619,1248012,45065,Marion (0500000US45065)
0500000US47111,25216,,,MAR,795498344,246690,1639768,47111,Marion (0500000US47111)
0500000US48309,260579,,,MAR,2684924496,61092093,1383946,48309,Marion (0500000US48309)
0500000US54047,19111,,,MAR,1381648569,3731571,1689162,54047,Marion (0500000US54047)
0500000US06043,17131,,,MAR,3752476985,36220865,277286,6043,Mariposa (0500000US06043)
0500000US45067,29183,,,MAR,1267466476,12418901,1248010,45067,Marlboro (0500000US45067)
0500000US26103,66017,,,MAR,4685420988,4185337774,1622994,26103,Marquette (0500000US26103)
0500000US55077,15592,,,MAR,1180288171,22670053,1581098,55077,Marquette (0500000US55077)
0500000US01095,97612,,,MAR,1465531833,148497637,161574,1095,Marshall (0500000US01095)
0500000US17117,44967,,,MAR,2235091604,12250027,424257,17117,Marshall (0500000US17117)
0500000US18099,46095,,,MAR,1148969991,15858580,450372,18099,Marshall (0500000US18099)
0500000US19127,40105,,,MAR,1482776070,1803080,465252,19127,Marshall (0500000US19127)
0500000US20115,11823,,,MAR,2445722726,24432825,485022,20115,Marshall (0500000US20115)
0500000US21151,92701,,,MAR,1132748365,15287938,516919,21151,Marshall (0500000US21151)
0500000US27087,5411,,,MAR,1444868084,64851532,659488,27087,Marshall (0500000US27087)
0500000US28093,33752,,,MAR,1829011199,9173803,695770,28093,Marshall (0500000US28093)
0500000US40089,30814,,,MAR,4793464447,133974862,1101835,40089,Marshall (0500000US40089)
0500000US46087,5682,,,MAR,1487184881,6895715,1265773,46087,Marshall (0500000US46087)
0500000US47113,98823,,,MAR,1443073934,3757608,1639769,47113,Marshall (0500000US47113)
0500000US54049,56205,,,MAR,799667746,7160908,1718173,54049,Marshall (0500000US54049)
0500000US12085,158431,,,MAR,1408493392,542089457,308550,12085,Martin (0500000US12085)
0500000US18101,9812,,,MAR,869615720,12033245,451679,18101,Martin (0500000US18101)
0500000US21153,11637,,,MAR,798866801,1847044,516920,21153,Martin (0500000US21153)
0500000US27089,9040,,,MAR,4597391953,98012348,659489,27089,Martin (0500000US27089)
0500000US37115,21193,,,MAR,1164498325,4840167,1025834,37115,Martin (0500000US37115)
0500000US48311,600,,,MAR,2952066567,43985124,1383947,48311,Martin (0500000US48311)
0500000US51163,22650,,,MAR,1545064660,8810379,1480166,51163,Martinsville (0500000US51163)
0500000US17119,265859,,,MAS,1853175882,63522153,424258,17119,Mason (0500000US17119)
0500000US21155,19581,,,MAS,888485847,9869686,516921,21155,Mason (0500000US21155)
0500000US26105,29052,,,MAS,1281963206,1935616622,1622995,26105,Mason (0500000US26105)
0500000US48313,13455,,,MAS,1207103457,16493254,1383939,48313,Mason (0500000US48313)
0500000US53045,65726,,,MAS,2485218918,236969801,1529221,53045,Mason (0500000US53045)
0500000US54051,30591,,,MAS,791063472,17411505,1717539,54051,Mason (0500000US54051)
0500000US17121,37729,,,MAS,1482865616,9234118,424259,17121,Massac (0500000US17121)
0500000US48315,9725,,,MAT,986530318,102099491,1383940,48315,Matagorda (0500000US48315)
0500000US51165,83757,,,MAT,2200944584,10646757,1488970,51165,Mathews (0500000US51165)
0500000US47115,28837,,,MAU,1290472798,36484703,1639770,47115,Maury (0500000US47115)
0500000US48317,5237,,,MAV,2369724591,1931832,1383941,48317,Maverick (0500000US48317)
0500000US40091,18941,,,MAY,1601354473,242872388,1101836,40091,Mayes (0500000US40091)
0500000US40093,7782,,,MCC,2473438560,7651007,1101831,40093,McClain (0500000US40093)
0500000US30057,8623,,,MCC,9293281838,39849039,1720033,30057,McCone (0500000US30057)
0500000US46089,2411,,,MCC,2943956443,38506560,1265762,46089,McCook (0500000US46089)
0500000US45069,26667,,,MCC,1242867261,14489019,1248011,45069,McCormick (0500000US45069)
0500000US21157,31659,,,MCC,782712537,98325124,516922,21157,McCracken (0500000US21157)
0500000US21159,11287,,,MCC,594708782,2558129,516923,21159,McCreary (0500000US21159)
0500000US48319,3953,,,MCC,2405674102,8755301,1383942,48319,McCulloch (0500000US48319)
0500000US40095,15312,,,MCC,962153982,143719930,1101832,40095,McCurtain (0500000US40095)
0500000US29127,28525,,,MCD,1131623305,19113754,758517,29127,McDonald (0500000US29127)
0500000US17123,11742,,,MCD,1001865309,30343504,424260,17123,McDonough (0500000US17123)
0500000US37117,22031,,,MCD,1182102539,746610,1026328,37117,McDowell (0500000US37117)
0500000US54053,25453,,,MCD,1115683500,36124377,1560254,54053,McDowell (0500000US54053)
0500000US13195,30120,,,MCD,731214552,8448220,1688004,13195,McDuffie (0500000US13195)
0500000US17125,13086,,,MCH,1396914848,62748513,424261,17125,McHenry (0500000US17125)
0500000US38049,5345,,,MCH,4853487955,97323497,1035305,38049,McHenry (0500000US38049)
0500000US13197,7498,,,MCI,947213841,3785944,344107,13197,McIntosh (0500000US13197)
0500000US38051,2530,,,MCI,2524106808,51795568,1034211,38051,McIntosh (0500000US38051)
0500000US40097,39046,,,MCI,1697463782,72896637,1101833,40097,McIntosh (0500000US40097)
0500000US42083,40432,,,MCK,2537395883,13034578,1210235,42083,McKean (0500000US42083)
0500000US38053,14704,,,MCK,7148712746,260119355,1035299,38053,McKenzie (0500000US38053)
0500000US35031,72902,,,MCK,14118189398,12689169,929107,35031,McKinley (0500000US35031)
0500000US17127,14169,,,MCL,614218329,12784614,1784730,17127,McLean (0500000US17127)
0500000US21161,17120,,,MCL,621924469,16276484,516924,21161,McLean (0500000US21161)
0500000US38055,9771,,,MCL,5465546323,563843611,1034232,38055,McLean (0500000US38055)
0500000US48321,36255,,,MCL,2830645444,1345742564,1383943,48321,McLennan (0500000US48321)
0500000US27091,20025,,,MCL,1844928074,44669375,659490,27091,McLeod (0500000US27091)
0500000US47117,34318,,,MCM,972442319,1801922,1639771,47117,McMinn (0500000US47117)
0500000US48323,57887,,,MCM,3313818749,31872415,1383944,48323,McMullen (0500000US48323)
0500000US47119,100974,,,MCN,1588022048,6318294,1639772,47119,McNairy (0500000US47119)
0500000US20117,10038,,,MCP,2331450539,12735557,485023,20117,McPherson (0500000US20117)
0500000US31119,35585,,,MCP,1483084610,7325865,835880,31119,McPherson (0500000US31119)
0500000US46091,4306,,,MCP,2170620943,124689684,1265759,46091,McPherson (0500000US46091)
0500000US20119,4055,,,MEA,2533222397,3258258,485024,20119,Meade (0500000US20119)
0500000US21163,30003,,,MEA,791093710,49111009,516928,21163,Meade (0500000US21163)
0500000US46093,29852,,,MEA,8989677124,30742173,1266991,46093,Meade (0500000US46093)
0500000US30059,1927,,,MEA,6194909925,7475979,1719600,30059,Meagher (0500000US30059)
0500000US37119,1115482,,,MEC,1356133007,58206612,1008570,37119,Mecklenburg (0500000US37119)
0500000US51167,25781,,,MEC,1226421378,7549891,1497573,51167,Mecklenburg (0500000US51167)
0500000US26107,39714,,,MEC,1437843578,41665709,1622996,26107,Mecosta (0500000US26107)
0500000US39103,182470,,,MED,1091571154,4196171,1074064,39103,Medina (0500000US39103)
0500000US48325,50748,,,MED,3432668370,23757602,1383948,48325,Medina (0500000US48325)
0500000US27093,23400,,,MEE,1574629006,94913845,659492,27093,Meeker (0500000US27093)
0500000US39105,22210,,,MEI,1113957873,7519818,1074065,39105,Meigs (0500000US39105)
0500000US47121,12758,,,MEI,505397668,55738399,1639775,47121,Meigs (0500000US47121)
0500000US46095,1918,,,MEL,3385957220,9219640,1267177,46095,Mellette (0500000US46095)
0500000US17129,12297,,,MEN,814269349,2640418,424266,17129,Menard (0500000US17129)
0500000US48327,1962,,,MEN,2336237980,613559,1383949,48327,Menard (0500000US48327)
0500000US06045,91601,,,MEN,9082632466,961740401,277287,6045,Mendocino (0500000US06045)
0500000US21165,6113,,,MEN,527283209,6084693,516929,21165,Menifee (0500000US21165)
0500000US26109,23502,,,MEN,2704053652,761798359,1622997,26109,Menominee (0500000US26109)
0500000US55078,4255,,,MEN,926217566,19022479,1581099,55078,Menominee (0500000US55078)
0500000US06047,281202,,,MER,5019407131,105277636,277288,6047,Merced (0500000US06047)
0500000US17131,15699,,,MER,1453604391,19411909,1784750,17131,Mercer (0500000US17131)
0500000US21167,22641,,,MER,645073065,10991213,516930,21167,Mercer (0500000US21167)
0500000US29129,3538,,,MER,1175427717,3302140,758519,29129,Mercer (0500000US29129)
0500000US34021,387340,,,MER,581395408,11337168,882229,34021,Mercer (0500000US34021)
0500000US38057,8350,,,MER,2700790005,180823535,1034233,38057,Mercer (0500000US38057)
0500000US39107,42528,,,MER,1197732212,28431995,1074066,39107,Mercer (0500000US39107)
0500000US42085,110652,,,MER,1741819732,26010715,1213678,42085,Mercer (0500000US42085)
0500000US54055,59664,,,MER,1085106062,4442450,1557645,54055,Mercer (0500000US54055)
0500000US13199,20613,,,MER,1297342106,10832501,346892,13199,Meriwether (0500000US13199)
0500000US31121,7668,,,MER,1261996225,24655494,835882,31121,Merrick (0500000US31121)
0500000US33013,153808,,,MER,2416197730,57178203,873180,33013,Merrimack (0500000US33013)
0500000US08077,155703,,,MES,8621348071,31991710,198154,8077,Mesa (0500000US08077)
0500000US21169,10286,,,MET,750166111,4012303,516931,21169,Metcalfe (0500000US21169)
0500000US18103,35962,,,MIA,968246953,9184624,450373,18103,Miami (0500000US18103)
0500000US20121,34191,,,MIA,1491519051,37235270,485025,20121,Miami (0500000US20121)
0500000US39109,108774,,,MIA,1052883436,7924128,1074067,39109,Miami (0500000US39109)
0500000US12086,2701767,,,MIA,4920741927,1267570928,295755,12086,Miami-Dade (0500000US12086)
0500000US09007,164245,,,MID,956493753,180679141,212797,9007,Middlesex (0500000US09007)
0500000US25017,1632002,,,MID,2118256715,75315911,606935,25017,Middlesex (0500000US25017)
0500000US34023,863162,,,MID,800946845,35291196,882230,34023,Middlesex (0500000US34023)
0500000US51169,21576,,,MID,1387786258,8105326,1498172,51169,Middlesex (0500000US51169)
0500000US26111,83494,,,MID,1340188403,27503345,1622998,26111,Midland (0500000US26111)
0500000US48329,169983,,,MID,2331915358,4252951,1383950,48329,Midland (0500000US48329)
0500000US42087,46143,,,MIF,1064602254,9507394,1213679,42087,Mifflin (0500000US42087)
0500000US48331,24754,,,MIL,2632349435,11831398,1383951,48331,Milam (0500000US48331)
0500000US49027,12975,,,MIL,17574363572,133311815,1448027,49027,Millard (0500000US49027)
0500000US27095,26459,,,MIL,1482264579,282932408,659493,27095,Mille Lacs (0500000US27095)
0500000US05091,42600,,,MIL,1616257229,36848741,69166,5091,Miller (0500000US05091)
0500000US13201,6000,,,MIL,731471756,3211332,344088,13201,Miller (0500000US13201)
0500000US29131,24722,,,MIL,1534753300,19219023,758520,29131,Miller (0500000US29131)
0500000US19129,14484,,,MIL,1132940500,8316363,465253,19129,Mills (0500000US19129)
0500000US48333,4456,,,MIL,1937892798,4023558,1383952,48333,Mills (0500000US48333)
0500000US55079,939489,,,MIL,625435295,2455388924,1581100,55079,Milwaukee (0500000US55079)
0500000US46097,2298,,,MIN,1476734132,4537900,1265777,46097,Miner (0500000US46097)
0500000US08079,865,,,MIN,2268209076,5222161,198155,8079,Mineral (0500000US08079)
0500000US30061,4535,,,MIN,3158799812,9897218,1720030,30061,Mineral (0500000US30061)
0500000US32023,51591,,,MIN,47090939212,43207981,863599,32023,Mineral (0500000US32023)
0500000US54057,26938,,,MIN,849209714,3466312,1717890,54057,Mineral (0500000US54057)
0500000US54059,23568,,,MIN,1095926646,2177833,1550036,54059,Mingo (0500000US54059)
0500000US16067,21613,,,MIN,1960610979,13927954,394807,16067,Minidoka (0500000US16067)
0500000US46099,197214,,,MIN,2089701444,18188795,1265772,46099,Minnehaha (0500000US46099)
0500000US26113,15052,,,MIS,1462793670,23588781,1622999,26113,Missaukee (0500000US26113)
0500000US05093,40685,,,MIS,2336409933,72224609,69899,5093,Mississippi (0500000US05093)
0500000US29133,12577,,,MIS,1066029407,44515175,758521,29133,Mississippi (0500000US29133)
0500000US30063,117922,,,MIS,6715861997,64585269,1719596,30063,Missoula (0500000US30063)
0500000US13205,21755,,,MIT,1326483085,4314212,343645,13205,Mitchell (0500000US13205)
0500000US19131,10565,,,MIT,1215368212,1118491,465254,19131,Mitchell (0500000US19131)
0500000US20123,5796,,,MIT,1817632931,44979980,485026,20123,Mitchell (0500000US20123)
0500000US37121,14903,,,MIT,573036225,1632150,1008571,37121,Mitchell (0500000US37121)
0500000US48335,8990,,,MIT,2359710926,12489775,1383953,48335,Mitchell (0500000US48335)
0500000US01097,414809,,,MOB,3184064142,1074011171,161575,1097,Mobile (0500000US01097)
0500000US06049,8700,,,MOD,10225877726,660503268,277289,6049,Modoc (0500000US06049)
0500000US08081,13292,,,MOF,12284943821,19803411,198156,8081,Moffat (0500000US08081)
0500000US04015,213267,,,MOH,34530024782,333401646,25445,4015,Mohave (0500000US04015)
0500000US29135,15473,,,MON,1074923592,9948028,758522,29135,Moniteau (0500000US29135)
0500000US34025,643615,,,MON,1212585330,500431205,882910,34025,Monmouth (0500000US34025)
0500000US06051,13195,,,MON,7896624729,214695677,277290,6051,Mono (0500000US06051)
0500000US19133,8751,,,MON,1797639077,12591063,465255,19133,Monona (0500000US19133)
0500000US54061,105822,,,MON,932632921,14991505,1550037,54061,Monongalia (0500000US54061)
0500000US01099,19772,,,MON,2656469672,22609681,161576,1099,Monroe (0500000US01099)
0500000US05095,6799,,,MON,1573336901,35707672,69167,5095,Monroe (0500000US05095)
0500000US12087,82874,,,MON,2546067521,11153842007,295759,12087,Monroe (0500000US12087)
0500000US13207,27957,,,MON,1025872448,5643846,343073,13207,Monroe (0500000US13207)
0500000US17133,34962,,,MON,997924046,33755286,1784865,17133,Monroe (0500000US17133)
0500000US18105,139718,,,MON,1021806945,43510634,451680,18105,Monroe (0500000US18105)
0500000US19135,7577,,,MON,1123296138,1522790,465256,19135,Monroe (0500000US19135)
0500000US21171,11338,,,MON,853220889,6801900,516932,21171,Monroe (0500000US21171)
0500000US26115,154809,,,MON,1422818203,338203448,1623000,26115,Monroe (0500000US26115)
0500000US28095,34180,,,MON,1981578016,18140832,695771,28095,Monroe (0500000US28095)
0500000US29137,8666,,,MON,1677352687,58366943,758523,29137,Monroe (0500000US29137)
0500000US36055,759443,,,MON,1701487467,1838259078,974126,36055,Monroe (0500000US36055)
0500000US39111,13385,,,MON,1180317743,4495411,1074068,39111,Monroe (0500000US39111)
0500000US42089,168327,,,MON,1575634620,22676290,1209184,42089,Monroe (0500000US42089)
0500000US47123,46250,,,MON,1646647004,43545177,1639776,47123,Monroe (0500000US47123)
0500000US54063,12376,,,MON,1224426771,2297599,1557702,54063,Monroe (0500000US54063)
0500000US55081,46274,,,MON,2333329707,18586826,1581101,55081,Monroe (0500000US55081)
0500000US48337,19965,,,MON,2411034611,19087359,1383954,48337,Montague (0500000US48337)
0500000US26117,66614,,,MON,1826793476,39944685,1623001,26117,Montcalm (0500000US26117)
0500000US06053,439035,,,MON,8499623032,1267793988,277291,6053,Monterey (0500000US06053)
0500000US08083,25849,,,MON,5255990018,27208195,198157,8083,Montezuma (0500000US08083)
0500000US01101,228954,,,MON,2034059352,37703221,161577,1101,Montgomery (0500000US01101)
0500000US05097,8484,,,MON,2021363825,52979164,69168,5097,Montgomery (0500000US05097)
0500000US13209,8610,,,MON,624563058,9191488,352276,13209,Montgomery (0500000US13209)
0500000US17135,28288,,,MON,1822740453,15459874,1784866,17135,Montgomery (0500000US17135)
0500000US18107,37936,,,MON,1307030257,2067987,450374,18107,Montgomery (0500000US18107)
0500000US19137,10330,,,MON,1098405771,2410446,465257,19137,Montgomery (0500000US19137)
0500000US20125,31486,,,MON,1666900085,20430012,485027,20125,Montgomery (0500000US20125)
0500000US21173,28114,,,MON,511135381,3853437,516933,21173,Montgomery (0500000US21173)
0500000US24033,967201,,,MON,1250057213,41922695,1714670,24033,Montgomery (0500000US24033)
0500000US28097,9822,,,MON,1054074828,2352156,711757,28097,Montgomery (0500000US28097)
0500000US29139,11322,,,MON,1385765319,14100641,758524,29139,Montgomery (0500000US29139)
0500000US36057,49532,,,MON,1044051406,18614750,974127,36057,Montgomery (0500000US36057)
0500000US37123,25751,,,MON,1273075627,25886753,1008572,37123,Montgomery (0500000US37123)
0500000US39113,537309,,,MON,1194894575,7494897,1074069,39113,Montgomery (0500000US39113)
0500000US42091,856553,,,MON,1250888984,10983029,1213680,42091,Montgomery (0500000US42091)
0500000US47125,220069,,,MON,1396441789,12068782,1639777,47125,Montgomery (0500000US47125)
0500000US48339,620443,,,MON,2699237142,89879828,1383955,48339,Montgomery (0500000US48339)
0500000US51171,44186,,,MON,1315919346,9716893,1673918,51171,Montgomery (0500000US51171)
0500000US26119,9153,,,MON,1415881030,41352700,1623002,26119,Montmorency (0500000US26119)
0500000US42093,18136,,,MON,337322557,5408350,1213681,42093,Montour (0500000US42093)
0500000US08085,42679,,,MON,5804023555,4923260,198158,8085,Montrose (0500000US08085)
0500000US46101,6336,,,MOO,1345185721,3690537,1265775,46101,Moody (0500000US46101)
0500000US37125,99727,,,MOO,1806983006,20712954,1008573,37125,Moore (0500000US37125)
0500000US47127,6461,,,MOO,334684850,3093435,1648579,47127,Moore (0500000US47127)
0500000US48341,21358,,,MOO,2330207191,25699789,1383956,48341,Moore (0500000US48341)
0500000US35033,4189,,,MOR,4988962636,6093304,1702367,35033,Mora (0500000US35033)
0500000US22067,25629,,,MOR,2058910717,28888046,558097,22067,Morehouse (0500000US22067)
0500000US01103,123421,,,MOR,1501335536,50196377,161578,1103,Morgan (0500000US01103)
0500000US08087,29111,,,MOR,3316441488,34663098,198159,8087,Morgan (0500000US08087)
0500000US13211,20097,,,MOR,899791096,18672319,346008,13211,Morgan (0500000US13211)
0500000US17137,32915,,,MOR,1473595809,9053547,424270,17137,Morgan (0500000US17137)
0500000US18109,71780,,,MOR,1045922856,14491960,450375,18109,Morgan (0500000US18109)
0500000US21175,13726,,,MOR,987114235,6889951,516934,21175,Morgan (0500000US21175)
0500000US29141,21006,,,MOR,1547866669,42414965,758525,29141,Morgan (0500000US29141)
0500000US39115,13802,,,MOR,1078538282,13868572,1074070,39115,Morgan (0500000US39115)
0500000US47129,21035,,,MOR,1352439680,823018,1639778,47129,Morgan (0500000US47129)
0500000US49029,12295,,,MOR,1577739411,4437369,1448028,49029,Morgan (0500000US49029)
0500000US54065,17063,,,MOR,593295507,1401571,1557950,54065,Morgan (0500000US54065)
0500000US31123,4555,,,MOR,3688187959,15647101,835883,31123,Morrill (0500000US31123)
0500000US20127,5386,,,MOR,1800929255,19545268,485028,20127,Morris (0500000US20127)
0500000US34027,509285,,,MOR,1193912843,53229201,882231,34027,Morris (0500000US34027)
0500000US48343,11973,,,MOR,652649023,17382447,1383957,48343,Morris (0500000US48343)
0500000US27097,34010,,,MOR,2913980726,73275528,659494,27097,Morrison (0500000US27097)
0500000US39117,34950,,,MOR,1051881045,2819351,1074071,39117,Morrow (0500000US39117)
0500000US41049,12186,,,MOR,5259046091,44372730,1135860,41049,Morrow (0500000US41049)
0500000US20129,2701,,,MOR,1889993632,507796,485135,20129,Morton (0500000US20129)
0500000US38059,33291,,,MOR,4988026151,49931487,1034207,38059,Morton (0500000US38059)
0500000US48345,1063,,,MOT,2562963900,644140,1383958,48345,Motley (0500000US48345)
0500000US17139,14526,,,MOU,870127369,22111272,1784885,17139,Moultrie (0500000US17139)
0500000US38061,9809,,,MOU,4727150567,301102218,1035307,38061,Mountrail (0500000US38061)
0500000US27099,40029,,,MOW,1842187921,617235,659495,27099,Mower (0500000US27099)
0500000US21177,30928,,,MUH,1210451479,31188648,516935,21177,Muhlenberg (0500000US21177)
0500000US41051,815428,,,MUL,1116611406,88173924,1135861,41051,Multnomah (0500000US41051)
0500000US13213,39973,,,MUR,892235146,5719643,1688005,13213,Murray (0500000US13213)
0500000US27101,8179,,,MUR,1825079943,38432252,659496,27101,Murray (0500000US27101)
0500000US40099,13904,,,MUR,1078405800,22710695,1101837,40099,Murray (0500000US40099)
0500000US19139,43235,,,MUS,1132964480,30262337,465258,19139,Muscatine (0500000US19139)
0500000US13215,206922,,,MUS,560731675,11683933,357428,13215,Muscogee (0500000US13215)
0500000US26121,175824,,,MUS,1305130153,2476314283,1623003,26121,Muskegon (0500000US26121)
0500000US39119,86410,,,MUS,1721165826,20823924,1074072,39119,Muskingum (0500000US39119)
0500000US40101,66339,,,MUS,2099505291,76120773,1101838,40101,Muskogee (0500000US40101)
0500000US30065,4730,,,MUS,4840577746,7118682,1719593,30065,Musselshell (0500000US30065)
0500000US48347,64653,,,NAC,2450966944,89731149,1383959,48347,Nacogdoches (0500000US48347)
0500000US31125,3380,,,NAN,1143745449,17166723,835884,31125,Nance (0500000US31125)
0500000US25019,14255,,,NAN,119637319,666826424,606936,25019,Nantucket (0500000US25019)
0500000US06055,138019,,,NAP,1938032964,104262608,277292,6055,Napa (0500000US06055)
0500000US37127,94970,,,NAS,1399742831,6174819,1008574,37127,Nash (0500000US37127)
0500000US12089,90352,,,NAS,1680075562,200050173,295730,12089,Nassau (0500000US12089)
0500000US36059,1395774,,,NAS,736959587,437291722,974128,36059,Nassau (0500000US36059)
0500000US22069,37515,,,NAT,3246092085,119733774,558108,22069,Natchitoches (0500000US22069)
0500000US56025,79955,,,NAT,13831928341,90969261,1605077,56025,Natrona (0500000US56025)
0500000US04017,106717,,,NAV,25769070671,24116169,42808,4017,Navajo (0500000US04017)
0500000US48349,52624,,,NAV,2615116305,197615409,1383960,48349,Navarro (0500000US48349)
0500000US21179,46738,,,NEL,1081379029,16973349,516936,21179,Nelson (0500000US21179)
0500000US38063,3015,,,NEL,2542889235,70073746,1034217,38063,Nelson (0500000US38063)
0500000US51173,29800,,,NEL,1169223435,3287728,1500545,51173,Nelson (0500000US51173)
0500000US20131,10273,,,NEM,1858127934,5205446,485029,20131,Nemaha (0500000US20131)
0500000US31127,7074,,,NEM,1055100616,5769944,835885,31127,Nemaha (0500000US31127)
0500000US20133,15904,,,NEO,1480129682,16350961,485030,20133,Neosho (0500000US20133)
0500000US28099,29087,,,NES,1476641121,3830971,695772,28099,Neshoba (0500000US28099)
0500000US20135,2687,,,NES,2783562234,667491,485031,20135,Ness (0500000US20135)
0500000US05099,8310,,,NEV,1600067809,7489490,69169,5099,Nevada (0500000US05099)
0500000US06057,102241,,,NEV,2480587301,41531993,1682927,6057,Nevada (0500000US06057)
0500000US10003,570719,,,NEW,1104206944,175316802,217270,10003,New Castle (0500000US10003)
0500000US37129,225702,,,NEW,497937486,353803887,1026329,37129,New Hanover (0500000US37129)
0500000US09009,864835,,,NEW,1565143224,667604268,212798,9009,New Haven (0500000US09009)
0500000US51175,17996,,,NEW,1551909770,8090234,1480171,51175,New Kent (0500000US51175)
0500000US09011,268555,,,NEW,1722511318,276863144,212799,9011,New London (0500000US09011)
0500000US29143,16434,,,NEW,1747940899,56236293,758526,29143,New Madrid (0500000US29143)
0500000US36061,1694251,,,NEW,58683562,29010735,974129,36061,New York (0500000US36061)
0500000US26123,49978,,,NEW,2172706359,59083043,1623004,26123,Newaygo (0500000US26123)
0500000US45071,37719,,,NEW,1632452022,44011454,1248013,45071,Newberry (0500000US45071)
0500000US44005,85643,,,NEW,265293780,547001789,1219779,44005,Newport (0500000US44005)
0500000US51177,140032,,,NEW,1039652446,33417517,1480172,51177,Newport News (0500000US51177)
0500000US05101,7225,,,NEW,2126566287,5935948,69900,5101,Newton (0500000US05101)
0500000US13217,112483,,,NEW,709148422,13974069,1673547,13217,Newton (0500000US13217)
0500000US18111,13830,,,NEW,1040539827,4349506,450376,18111,Newton (0500000US18111)
0500000US28101,21291,,,NEW,1496417775,4525334,695773,28101,Newton (0500000US28101)
0500000US29145,58648,,,NEW,1618106506,4715004,758527,29145,Newton (0500000US29145)
0500000US48351,12217,,,NEW,2418212546,15672146,1383961,48351,Newton (0500000US48351)
0500000US16069,42090,,,NEZ,2197139835,21252880,399394,16069,Nez Perce (0500000US16069)
0500000US36063,212666,,,NIA,1352887560,1598842379,974130,36063,Niagara (0500000US36063)
0500000US21181,7537,,,NIC,505465963,4301985,516937,21181,Nicholas (0500000US21181)
0500000US54067,24604,,,NIC,1675324341,19580622,1550040,54067,Nicholas (0500000US54067)
0500000US27103,34454,,,NIC,1161848159,47511407,659497,27103,Nicollet (0500000US27103)
0500000US56027,2467,,,NIO,6801380673,4969450,1605078,56027,Niobrara (0500000US56027)
0500000US18113,47457,,,NOB,1064085740,17060239,450377,18113,Noble (0500000US18113)
0500000US39121,14115,,,NOB,1030846430,16984489,1074073,39121,Noble (0500000US39121)
0500000US40103,10924,,,NOB,1895123227,28103707,1101839,40103,Noble (0500000US40103)
0500000US27105,22290,,,NOB,1852143783,19253011,659498,27105,Nobles (0500000US27105)
0500000US29147,21241,,,NOD,2271326613,2361588,758528,29147,Nodaway (0500000US29147)
0500000US48353,14738,,,NOL,2362061742,5052159,1383962,48353,Nolan (0500000US48353)
0500000US25021,725981,,,NOR,1025902478,124958171,606937,25021,Norfolk (0500000US25021)
0500000US51179,156927,,,NOR,697237751,28087427,1480173,51179,Norfolk (0500000US51179)
0500000US27107,6441,,,NOR,2260512788,10208059,659499,27107,Norman (0500000US27107)
0500000US37131,17471,,,NOR,1390049342,35874601,1008575,37131,Northampton (0500000US37131)
0500000US42095,312951,,,NOR,957745652,19058409,1209185,42095,Northampton (0500000US42095)
0500000US51181,6561,,,NOR,722475752,81216905,1480174,51181,Northampton (0500000US51181)
0500000US42097,91647,,,NOR,1185344304,50674892,1209186,42097,Northumberland (0500000US42097)
0500000US51183,10829,,,NOR,1269679003,6740704,1690257,51183,Northumberland (0500000US51183)
0500000US20137,5459,,,NOR,2274122718,8421464,485032,20137,Norton (0500000US20137)
0500000US51185,40429,,,NOR,1343663017,2920222,1497748,51185,Norton (0500000US51185)
0500000US51187,40727,,,NOT,555738442,8583334,1674058,51187,Nottoway (0500000US51187)
0500000US40105,9320,,,NOW,1465460408,38903890,1101840,40105,Nowata (0500000US40105)
0500000US28103,10285,,,NOX,1800451921,12487951,695774,28103,Noxubee (0500000US28103)
0500000US31129,4095,,,NUC,1489645185,1718484,835886,31129,Nuckolls (0500000US31129)
0500000US48355,353178,,,NUE,2173169293,845316413,1383963,48355,Nueces (0500000US48355)
0500000US32027,6650,,,NYE,15634691970,79934815,858646,32027,Nye (0500000US32027)
0500000US26125,1274395,,,OAK,2246276778,103456215,1623005,26125,Oakland (0500000US26125)
0500000US47131,30787,,,OBI,1411149164,27448111,1639779,47131,Obion (0500000US47131)
0500000US19141,14182,,,O'B,1484153957,447448,465259,19141,O'Brien (0500000US19141)
0500000US34029,637229,,,OCE,1627252622,742162011,882279,34029,Ocean (0500000US34029)
0500000US26127,26659,,,OCE,1393686390,1988709489,1623006,26127,Oceana (0500000US26127)
0500000US48357,10015,,,OCH,2376792063,1331778,1383964,48357,Ochiltree (0500000US48357)
0500000US13219,41799,,,OCO,477443088,5264894,356774,13219,Oconee (0500000US13219)
0500000US45073,78607,,,OCO,1622773470,121733747,1244832,45073,Oconee (0500000US45073)
0500000US55083,38965,,,OCO,2583464370,392038653,1581102,55083,Oconto (0500000US55083)
0500000US26129,20770,,,OGE,1459466627,29641292,1623007,26129,Ogemaw (0500000US26129)
0500000US46102,13672,,,OGL,5422402208,7126155,1266992,46102,Oglala Lakota (0500000US46102)
0500000US17141,51788,,,OGL,1964903700,12378959,1784894,17141,Ogle (0500000US17141)
0500000US13221,14825,,,OGL,1137165335,7708032,351262,13221,Oglethorpe (0500000US13221)
0500000US18115,5940,,,OHI,223126824,3369528,450378,18115,Ohio (0500000US18115)
0500000US21183,23772,,,OHI,1521062996,23159041,516938,21183,Ohio (0500000US21183)
0500000US54069,42425,,,OHI,274098976,8274294,1717163,54069,Ohio (0500000US54069)
0500000US12091,211668,,,OKA,2408338835,820571046,306915,12091,Okaloosa (0500000US12091)
0500000US53047,42104,,,OKA,13639402439,120409385,1531928,53047,Okanogan (0500000US53047)
0500000US12093,39644,,,OKE,1992126184,317924583,295760,12093,Okeechobee (0500000US12093)
0500000US40107,11310,,,OKF,1601799648,26649719,1101841,40107,Okfuskee (0500000US40107)
0500000US40109,796292,,,OKL,1836035187,24721024,1101842,40109,Oklahoma (0500000US40109)
0500000US40111,36706,,,OKM,1806369917,12960866,1101843,40111,Okmulgee (0500000US40111)
0500000US28105,51788,,,OKT,1186834318,9566078,695775,28105,Oktibbeha (0500000US28105)
0500000US21185,67607,,,OLD,484959864,23566080,516939,21185,Oldham (0500000US21185)
0500000US48359,1758,,,OLD,3886337114,2339716,1383965,48359,Oldham (0500000US48359)
0500000US38065,1877,,,OLI,1871017444,22475760,1034205,38065,Oliver (0500000US38065)
0500000US27109,162847,,,OLM,1692589218,3226186,659500,27109,Olmsted (0500000US27109)
0500000US16071,4564,,,ONE,3105269247,3995240,399759,16071,Oneida (0500000US16071)
0500000US36065,232125,,,ONE,3140213529,117357247,974131,36065,Oneida (0500000US36065)
0500000US55085,37845,,,ONE,2885102824,317602310,1581103,55085,Oneida (0500000US55085)
0500000US36067,476516,,,ONO,2016027798,70512843,974132,36067,Onondaga (0500000US36067)
0500000US37133,204576,,,ONS,1973791553,370648829,1026341,37133,Onslow (0500000US37133)
0500000US36069,112458,,,ONT,1668147120,47854414,974133,36069,Ontario (0500000US36069)
0500000US26131,5816,,,ONT,3395416183,6292279424,1623008,26131,Ontonagon (0500000US26131)
0500000US06059,3186989,,,ORA,2053476505,406279630,277294,6059,Orange (0500000US06059)
0500000US12095,1429908,,,ORA,2338519047,260364621,295750,12095,Orange (0500000US12095)
0500000US18117,19867,,,ORA,1031795759,25416479,451681,18117,Orange (0500000US18117)
0500000US36071,401310,,,ORA,2103267971,67958489,974134,36071,Orange (0500000US36071)
0500000US37135,148696,,,ORA,1029651668,8829147,1008576,37135,Orange (0500000US37135)
0500000US48361,84808,,,ORA,864501044,118476459,1383966,48361,Orange (0500000US48361)
0500000US50017,29277,,,ORA,1779343340,12005265,1461765,50017,Orange (0500000US50017)
0500000US51191,53935,,,ORA,1453483684,12984238,1498359,51191,Orange (0500000US51191)
0500000US45075,84223,,,ORA,2865498667,55708305,1248014,45075,Orangeburg (0500000US45075)
0500000US29149,8635,,,ORE,2045687598,4528441,758529,29149,Oregon (0500000US29149)
0500000US22071,383997,,,ORL,439001414,467095943,558113,22071,Orleans (0500000US22071)
0500000US36073,40343,,,ORL,1013366838,1103741900,974135,36073,Orleans (0500000US36073)
0500000US50019,27393,,,ORL,1798874564,71422469,1461766,50019,Orleans (0500000US50019)
0500000US20139,15766,,,OSA,1827253334,37137002,485033,20139,Osage (0500000US20139)
0500000US29151,13274,,,OSA,1571034360,17734586,758530,29151,Osage (0500000US29151)
0500000US40113,45818,,,OSA,5818692840,148715988,1101844,40113,Osage (0500000US40113)
0500000US20141,3500,,,OSB,2311604929,4806274,485034,20141,Osborne (0500000US20141)
0500000US12097,388656,,,OSC,3438318817,462145217,295748,12097,Osceola (0500000US12097)
0500000US19143,6192,,,OSC,1032593803,1835263,465260,19143,Osceola (0500000US19143)
0500000US26133,22891,,,OSC,1466674406,17425113,1623009,26133,Osceola (0500000US26133)
0500000US26135,8219,,,OSC,1465088063,15136485,1623010,26135,Oscoda (0500000US26135)
0500000US36075,117525,,,OSW,2464629969,933476017,974136,36075,Oswego (0500000US36075)
0500000US08089,18690,,,OTE,3268424301,20092555,198160,8089,Otero (0500000US08089)
0500000US35035,67839,,,OTE,17126455954,36944199,929104,35035,Otero (0500000US35035)
0500000US31131,15912,,,OTO,1594561688,8689332,835887,31131,Otoe (0500000US31131)
0500000US26137,25091,,,OTS,1333860412,29050564,1623011,26137,Otsego (0500000US26137)
0500000US36077,58524,,,OTS,2594487152,36314099,974137,36077,Otsego (0500000US36077)
0500000US20143,5735,,,OTT,1866683177,1567629,485035,20143,Ottawa (0500000US20143)
0500000US26139,296200,,,OTT,1459508868,2765824533,1623012,26139,Ottawa (0500000US26139)
0500000US39123,40364,,,OTT,659680522,855661999,1074074,39123,Ottawa (0500000US39123)
0500000US40115,30285,,,OTT,1219410534,35714103,1101845,40115,Ottawa (0500000US40115)
0500000US27111,60081,,,OTT,5106508611,654472630,659501,27111,Otter Tail (0500000US27111)
0500000US05103,22650,,,OUA,1897738454,18185713,69170,5103,Ouachita (0500000US05103)
0500000US22073,160368,,,OUA,1580797959,55327711,558114,22073,Ouachita (0500000US22073)
0500000US08091,4874,,,OUR,1400332623,3986292,198161,8091,Ouray (0500000US08091)
0500000US55087,190705,,,OUT,1651265932,18261063,1581104,55087,Outagamie (0500000US55087)
0500000US47133,22511,,,OVE,1122721524,3492728,1639780,47133,Overton (0500000US47133)
0500000US18119,21321,,,OWE,997909074,6568942,450379,18119,Owen (0500000US18119)
0500000US21187,11278,,,OWE,909365301,8129123,516940,21187,Owen (0500000US21187)
0500000US21189,4051,,,OWS,511288845,2279907,516941,21189,Owsley (0500000US21189)
0500000US16073,11913,,,OWY,19860558063,74129063,399760,16073,Owyhee (0500000US16073)
0500000US23017,57777,,,OXF,5379294384,255884970,581294,23017,Oxford (0500000US23017)
0500000US29153,8553,,,OZA,1929554312,26607427,758531,29153,Ozark (0500000US29153)
0500000US55089,91503,,,OZA,603514413,2287415379,1581105,55089,Ozaukee (0500000US55089)
0500000US53049,23365,,,PAC,2418037245,758680651,1513274,53049,Pacific (0500000US53049)
0500000US19145,15211,,,PAG,1385497642,1359014,465261,19145,Page (0500000US19145)
0500000US51193,18477,,,PAG,593951804,61108785,1480179,51193,Page (0500000US51193)
0500000US12099,1492191,,,PAL,5087510102,1084950939,295761,12099,Palm Beach (0500000US12099)
0500000US19147,8996,,,PAL,1460400553,14428727,465262,19147,Palo Alto (0500000US19147)
0500000US48363,28409,,,PAL,2467090694,85364147,1383967,48363,Palo Pinto (0500000US48363)
0500000US37137,12276,,,PAM,871570771,583036551,1023355,37137,Pamlico (0500000US37137)
0500000US28107,33208,,,PAN,1774595233,51686997,695776,28107,Panola (0500000US28107)
0500000US48365,22491,,,PAN,2101400900,25810623,1383968,48365,Panola (0500000US48365)
0500000US08093,17390,,,PAR,5681165604,43519329,198162,8093,Park (0500000US08093)
0500000US30067,17191,,,PAR,7258388273,27861799,1720027,30067,Park (0500000US30067)
0500000US56029,29624,,,PAR,17972027721,67638744,1605079,56029,Park (0500000US56029)
0500000US18121,16156,,,PAR,1151822275,13655204,450380,18121,Parke (0500000US18121)
0500000US48367,148222,,,PAR,2340624023,16510094,1383969,48367,Parker (0500000US48367)
0500000US48369,9869,,,PAR,2281312149,11355762,1383970,48369,Parmer (0500000US48369)
0500000US12101,561891,,,PAS,1933701245,694046690,295739,12101,Pasco (0500000US12101)
0500000US37139,40568,,,PAS,587610259,161751355,1026330,37139,Pasquotank (0500000US37139)
0500000US34031,524118,,,PAS,481772301,32052581,882232,34031,Passaic (0500000US34031)
0500000US51195,36130,,,PAT,1044904721,5256126,1496656,51195,Patrick (0500000US51195)
0500000US13223,168661,,,PAU,808983871,5212122,349912,13223,Paulding (0500000US13223)
0500000US39125,18806,,,PAU,1078561237,6245396,1074075,39125,Paulding (0500000US39125)
0500000US20145,6253,,,PAW,1953531647,992041,485036,20145,Pawnee (0500000US20145)
0500000US31133,2544,,,PAW,1116478173,4852359,835888,31133,Pawnee (0500000US31133)
0500000US40117,15553,,,PAW,1472027960,68849518,1101846,40117,Pawnee (0500000US40117)
0500000US16075,25386,,,PAY,1053849238,8872160,394896,16075,Payette (0500000US16075)
0500000US40119,81646,,,PAY,1773885850,31991880,1101847,40119,Payne (0500000US40119)
0500000US13225,27981,,,PEA,389234765,2678496,343153,13225,Peach (0500000US13225)
0500000US28109,56145,,,PEA,2101307249,20783013,695777,28109,Pearl River (0500000US28109)
0500000US48371,15193,,,PEC,12338274936,2532275,1383971,48371,Pecos (0500000US48371)
0500000US38067,6844,,,PEM,2896993132,7008436,1034212,38067,Pembina (0500000US38067)
0500000US29155,15661,,,PEM,1275841039,53915406,758532,29155,Pemiscot (0500000US29155)
0500000US53051,13401,,,PEN,3626617235,65406812,1529157,53051,Pend Oreille (0500000US53051)
0500000US37141,60203,,,PEN,2256645360,162833419,1026129,37141,Pender (0500000US37141)
0500000US21191,14644,,,PEN,717836498,12306254,516942,21191,Pendleton (0500000US21191)
0500000US54071,6143,,,PEN,1802760298,5428393,1550042,54071,Pendleton (0500000US54071)
0500000US27113,13992,,,PEN,1596931841,4328863,659502,27113,Pennington (0500000US27113)
0500000US46103,109222,,,PEN,7191788472,19926710,1266995,46103,Pennington (0500000US46103)
0500000US23019,152199,,,PEN,8798699728,413983093,581295,23019,Penobscot (0500000US23019)
0500000US17143,181830,,,PEO,1602412934,29919375,1784920,17143,Peoria (0500000US17143)
0500000US55091,7318,,,PEP,600894491,43241432,1581106,55091,Pepin (0500000US55091)
0500000US31135,2858,,,PER,2287768800,2840176,835889,31135,Perkins (0500000US31135)
0500000US46105,2835,,,PER,7434457143,50539948,1266990,46105,Perkins (0500000US46105)
0500000US37143,13005,,,PER,640173980,211755191,1025841,37143,Perquimans (0500000US37143)
0500000US01105,8511,,,PER,1863936200,10902207,161579,1105,Perry (0500000US01105)
0500000US05105,10019,,,PER,1428060523,24428402,69171,5105,Perry (0500000US05105)
0500000US17145,20945,,,PER,1144587283,13199036,1784940,17145,Perry (0500000US17145)
0500000US18123,19170,,,PER,988702369,11837413,451682,18123,Perry (0500000US18123)
0500000US21193,28473,,,PER,879825760,7528447,516943,21193,Perry (0500000US21193)
0500000US28111,11511,,,PER,1676452290,7561701,695778,28111,Perry (0500000US28111)
0500000US29157,18956,,,PER,1228574128,25394864,758533,29157,Perry (0500000US29157)
0500000US39127,35408,,,PER,1056544080,11790392,1074076,39127,Perry (0500000US39127)
0500000US42099,45842,,,PER,1428247558,10591170,1213682,42099,Perry (0500000US42099)
0500000US47135,8366,,,PER,1074235994,20984700,1639781,47135,Perry (0500000US47135)
0500000US32029,4104,,,PER,683182692,1881025,858642,32029,Pershing (0500000US32029)
0500000US37145,39097,,,PER,1016154889,31205409,1008577,37145,Person (0500000US37145)
0500000US51197,28290,,,PET,1196450502,7232493,1501379,51197,Petersburg (0500000US51197)
0500000US30069,496,,,PET,4288047861,48927318,1719590,30069,Petroleum (0500000US30069)
0500000US29159,42980,,,PET,1766982902,10471760,758534,29159,Pettis (0500000US29159)
0500000US29161,44638,,,PHE,1739919006,6567069,758535,29161,Phelps (0500000US29161)
0500000US31137,8968,,,PHE,1398048634,1646526,835890,31137,Phelps (0500000US31137)
0500000US42101,1603797,,,PHI,347981635,21606282,1209187,42101,Philadelphia (0500000US42101)
0500000US05107,16568,,,PHI,1788024160,95966884,69172,5107,Phillips (0500000US05107)
0500000US08095,4530,,,PHI,1781724976,301808,198163,8095,Phillips (0500000US08095)
0500000US20147,4981,,,PHI,2294395636,22493383,485037,20147,Phillips (0500000US20147)
0500000US30071,4217,,,PHI,13313630163,185493134,1720023,30071,Phillips (0500000US30071)
0500000US17147,16673,,,PIA,1137492089,754122,424275,17147,Piatt (0500000US17147)
0500000US39129,58539,,,PIC,1298084340,13880991,1074077,39129,Pickaway (0500000US39129)
0500000US01107,19123,,,PIC,2282835039,22621093,161580,1107,Pickens (0500000US01107)
0500000US13227,33216,,,PIC,601031041,1690669,1673011,13227,Pickens (0500000US13227)
0500000US45077,131404,,,PIC,1287064706,40963215,1248015,45077,Pickens (0500000US45077)
0500000US47137,5001,,,PIC,422113138,29822845,1648580,47137,Pickett (0500000US47137)
0500000US13229,19716,,,PIE,881777233,7183926,349086,13229,Pierce (0500000US13229)
0500000US31139,7317,,,PIE,1484707270,3481943,835891,31139,Pierce (0500000US31139)
0500000US38069,3990,,,PIE,2637345131,166227811,1034230,38069,Pierce (0500000US38069)
0500000US53053,921130,,,PIE,4320001331,356119653,1529159,53053,Pierce (0500000US53053)
0500000US55093,42212,,,PIE,1486700521,48452323,1581107,55093,Pierce (0500000US55093)
0500000US01109,33009,,,PIK,1740645369,2339145,161581,1109,Pike (0500000US01109)
0500000US05109,10171,,,PIK,1554861342,35284868,69173,5109,Pike (0500000US05109)
0500000US13231,18889,,,PIK,559660500,8595984,346482,13231,Pike (0500000US13231)
0500000US17149,14739,,,PIK,2153190724,45251530,1784941,17149,Pike (0500000US17149)
0500000US18125,12250,,,PIK,865841645,17588580,450381,18125,Pike (0500000US18125)
0500000US21195,58669,,,PIK,2037621883,4756759,516944,21195,Pike (0500000US21195)
0500000US28113,40324,,,PIK,1059783761,3907959,711758,28113,Pike (0500000US28113)
0500000US29163,17587,,,PIK,1736428525,36976721,758536,29163,Pike (0500000US29163)
0500000US39131,27088,,,PIK,1140325072,9566957,1074078,39131,Pike (0500000US39131)
0500000US42103,58535,,,PIK,1411272636,56780870,1213683,42103,Pike (0500000US42103)
0500000US04019,1043433,,,PIM,23798578890,5112016,25446,4019,Pima (0500000US04019)
0500000US04021,425264,,,PIN,13899612888,20747424,25447,4021,Pinal (0500000US04021)
0500000US27115,28876,,,PIN,3655344652,60270933,659503,27115,Pine (0500000US27115)
0500000US12103,959107,,,PIN,709086406,1535985822,295745,12103,Pinellas (0500000US12103)
0500000US27117,9424,,,PIP,1204481399,2347611,659504,27117,Pipestone (0500000US27117)
0500000US23021,16800,,,PIS,10258584707,1080478461,581296,23021,Piscataquis (0500000US23021)
0500000US08097,17358,,,PIT,2514104904,6472577,198164,8097,Pitkin (0500000US08097)
0500000US37147,170243,,,PIT,1689620170,8247778,1008578,37147,Pitt (0500000US37147)
0500000US40121,43773,,,PIT,3381287299,187417567,1101848,40121,Pittsburg (0500000US40121)
0500000US51199,70045,,,PIT,271190280,285635878,1480182,51199,Pittsylvania (0500000US51199)
0500000US49031,1438,,,PIU,1964345826,20285697,1448029,49031,Piute (0500000US49031)
0500000US06061,404739,,,PLA,3644336875,246435971,277295,6061,Placer (0500000US06061)
0500000US22075,23515,,,PLA,2020676390,4628435537,558125,22075,Plaquemines (0500000US22075)
0500000US29165,106718,,,PLA,1087283058,16949451,758537,29165,Platte (0500000US29165)
0500000US31141,34296,,,PLA,1745780718,27297317,835892,31141,Platte (0500000US31141)
0500000US56031,8605,,,PLA,5390953617,76102033,1605080,56031,Platte (0500000US56031)
0500000US54073,7653,,,PLE,337007574,11468023,1678557,54073,Pleasants (0500000US54073)
0500000US06063,19790,,,PLU,6612400772,156387638,277296,6063,Plumas (0500000US06063)
0500000US19149,25698,,,PLY,2234715257,2176851,465263,19149,Plymouth (0500000US19149)
0500000US25023,530819,,,PLY,1705521260,1126101572,606938,25023,Plymouth (0500000US25023)
0500000US19151,7078,,,POC,1495047211,3666528,465264,19151,Pocahontas (0500000US19151)
0500000US54075,7869,,,POC,2435206742,4094092,1550044,54075,Pocahontas (0500000US54075)
0500000US05111,22965,,,POI,1963975460,13892745,69174,5111,Poinsett (0500000US05111)
0500000US22077,20758,,,POI,1442300231,86716680,559449,22077,Pointe Coupee (0500000US22077)
0500000US05113,19221,,,POL,2219200782,12520929,69175,5113,Polk (0500000US05113)
0500000US12105,725046,,,POL,4656518803,550424838,295747,12105,Polk (0500000US12105)
0500000US13233,42853,,,POL,803767094,4673256,343585,13233,Polk (0500000US13233)
0500000US19153,492401,,,POL,1482507926,50475974,465265,19153,Polk (0500000US19153)
0500000US27119,31192,,,POL,5104864821,69390824,659505,27119,Polk (0500000US27119)
0500000US29167,31519,,,POL,1646006168,17837927,758538,29167,Polk (0500000US29167)
0500000US31143,5214,,,POL,1136152529,5104692,835893,31143,Polk (0500000US31143)
0500000US37149,19328,,,POL,615606322,1964035,1008579,37149,Polk (0500000US37149)
0500000US41053,87433,,,POL,1918983625,8146518,1135862,41053,Polk (0500000US41053)
0500000US47139,17544,,,POL,1125622665,19906879,1639782,47139,Polk (0500000US47139)
0500000US48373,50123,,,POL,2737733240,136271620,1383972,48373,Polk (0500000US48373)
0500000US55095,44977,,,POL,2368077722,109025818,1581108,55095,Polk (0500000US55095)
0500000US30073,5898,,,PON,4207608375,43980663,1719587,30073,Pondera (0500000US30073)
0500000US28115,31184,,,PON,1289330916,8308394,695803,28115,Pontotoc (0500000US28115)
0500000US40123,38065,,,PON,1865856327,12574651,1101849,40123,Pontotoc (0500000US40123)
0500000US05115,63381,,,POP,2100810775,51385065,69901,5115,Pope (0500000US05115)
0500000US17151,3763,,,POP,955362037,14662240,424277,17151,Pope (0500000US17151)
0500000US27121,11308,,,POP,1734089839,123219751,659506,27121,Pope (0500000US27121)
0500000US51510,159467,,,POQ,38682337,1069028,1498415,51510,Poquoson (0500000US51510)
0500000US39133,161791,,,POR,1262372713,43125087,1074079,39133,Portage (0500000US39133)
0500000US55097,70377,,,POR,2074252980,56835087,1581109,55097,Portage (0500000US55097)
0500000US18127,173215,,,POR,1082907710,268619691,450382,18127,Porter (0500000US18127)
0500000US51520,17219,,,POR,33336230,322409,1498416,51520,Portsmouth (0500000US51520)
0500000US18129,25222,,,POS,1060302147,26505383,450383,18129,Posey (0500000US18129)
0500000US20149,25348,,,POT,2177506471,54148936,485038,20149,Pottawatomie (0500000US20149)
0500000US40125,72454,,,POT,2040375639,14845673,1101850,40125,Pottawatomie (0500000US40125)
0500000US19155,93667,,,POT,2463771925,20389998,465266,19155,Pottawattamie (0500000US19155)
0500000US42105,16396,,,POT,2800422768,558970,1213684,42105,Potter (0500000US42105)
0500000US46107,2472,,,POT,2230336533,97172021,1265761,46107,Potter (0500000US46107)
0500000US48375,118525,,,POT,2352718735,35190085,1383973,48375,Potter (0500000US48375)
0500000US30075,1694,,,POW,8542288822,1565958,1719584,30075,Powder River (0500000US30075)
0500000US21197,13129,,,POW,463558850,2953274,516945,21197,Powell (0500000US21197)
0500000US30077,6946,,,POW,6024421103,16247901,1720021,30077,Powell (0500000US30077)
0500000US16077,7878,,,POW,3635892401,99205466,394951,16077,Power (0500000US16077)
0500000US19157,18662,,,POW,1514945164,2961952,465267,19157,Poweshiek (0500000US19157)
0500000US51530,6641,,,POW,16674752,219579,1498417,51530,Powhatan (0500000US51530)
0500000US05117,8282,,,PRA,1677069877,72638193,69176,5117,Prairie (0500000US05117)
0500000US30079,1088,,,PRA,4497780202,15092932,1715847,30079,Prairie (0500000US30079)
0500000US20151,9157,,,PRA,1903740950,1771939,485039,20151,Pratt (0500000US20151)
0500000US39135,40999,,,PRE,1098741137,6062721,1074080,39135,Preble (0500000US39135)
0500000US28117,25008,,,PRE,1074806610,8324262,695779,28117,Prentiss (0500000US28117)
0500000US48377,6131,,,PRE,9985057446,1773188,1383974,48377,Presidio (0500000US48377)
0500000US26141,12982,,,PRE,1706069655,4957327108,1623013,26141,Presque Isle (0500000US26141)
0500000US54077,34216,,,PRE,1680420300,6668159,1558642,54077,Preston (0500000US54077)
0500000US55099,14054,,,PRI,3247987870,62098964,1581110,55099,Price (0500000US55099)
0500000US51540,46553,,,PRI,26534611,46120,1789068,51540,Prince Edward (0500000US51540)
0500000US51550,249422,,,PRI,876598054,32349712,1498558,51550,Prince George (0500000US51550)
0500000US24035,49874,,,PRI,962673214,360020725,596089,24035,Prince George's (0500000US24035)
0500000US51570,18170,,,PRI,19475360,709877,1498420,51570,Prince William (0500000US51570)
0500000US44007,660741,,,PRO,1060552463,67870199,1219781,44007,Providence (0500000US44007)
0500000US08099,11999,,,PRO,4243457240,15317423,198165,8099,Prowers (0500000US08099)
0500000US08101,168162,,,PUE,6181242835,28941249,198166,8101,Pueblo (0500000US08101)
0500000US05119,399125,,,PUL,1964009183,126988884,69177,5119,Pulaski (0500000US05119)
0500000US13235,9855,,,PUL,645583957,5046606,347593,13235,Pulaski (0500000US13235)
0500000US17153,5193,,,PUL,516100615,9768333,1784966,17153,Pulaski (0500000US17153)
0500000US18131,12514,,,PUL,1123212810,2224813,446852,18131,Pulaski (0500000US18131)
0500000US21199,65034,,,PUL,1705275603,48545539,516946,21199,Pulaski (0500000US21199)
0500000US29169,53955,,,PUL,1417014582,11312724,758539,29169,Pulaski (0500000US29169)
0500000US51580,5737,,,PUL,14163842,521492,1789069,51580,Pulaski (0500000US51580)
0500000US40127,10812,,,PUS,3614425443,69995893,1101851,40127,Pushmataha (0500000US40127)
0500000US12107,73321,,,PUT,1886452945,255262400,306910,12107,Putnam (0500000US12107)
0500000US13237,22047,,,PUT,892721731,41451859,347246,13237,Putnam (0500000US13237)
0500000US17155,5637,,,PUT,414649315,31195045,424279,17155,Putnam (0500000US17155)
0500000US18133,36726,,,PUT,1244585887,5585892,450384,18133,Putnam (0500000US18133)
0500000US29171,4681,,,PUT,1339844722,5942463,758540,29171,Putnam (0500000US29171)
0500000US36079,97668,,,PUT,596349758,41229989,974138,36079,Putnam (0500000US36079)
0500000US39137,34451,,,PUT,1249783612,4544874,1074081,39137,Putnam (0500000US39137)
0500000US47141,79854,,,PUT,1038860592,3777708,1639783,47141,Putnam (0500000US47141)
0500000US54079,57440,,,PUT,895303696,12225557,1550046,54079,Putnam (0500000US54079)
0500000US35037,8746,,,QUA,7443508559,18554572,929110,35037,Quay (0500000US35037)
0500000US24037,113777,,,QUE,928809940,1050592561,1697853,24037,Queen Anne's (0500000US24037)
0500000US36081,2405464,,,QUE,281594049,188444349,974139,36081,Queens (0500000US36081)
0500000US13239,2235,,,QUI,391703076,24158295,350547,13239,Quitman (0500000US13239)
0500000US28119,6176,,,QUI,1048975539,3676001,695780,28119,Quitman (0500000US28119)
0500000US13241,16883,,,RAB,958643875,17853952,351489,13241,Rabun (0500000US13241)
0500000US55101,197727,,,RAC,861537609,1190103013,1581111,55101,Racine (0500000US55101)
0500000US51590,42590,,,RAD,110844523,2341364,1498421,51590,Radford (0500000US51590)
0500000US48379,12164,,,RAI,594281632,76078926,1383975,48379,Rains (0500000US48379)
0500000US54081,74591,,,RAL,1567871999,10328839,1550047,54081,Raleigh (0500000US54081)
0500000US29173,10355,,,RAL,1216743025,36381069,758541,29173,Ralls (0500000US29173)
0500000US27123,552352,,,RAM,394323902,46008725,659507,27123,Ramsey (0500000US27123)
0500000US38071,11605,,,RAM,3070086478,299504065,1034215,38071,Ramsey (0500000US38071)
0500000US48381,140753,,,RAN,2363909278,25203162,1383976,48381,Randall (0500000US48381)
0500000US01111,21967,,,RAN,1503618358,9283013,161582,1111,Randolph (0500000US01111)
0500000US05121,18571,,,RAN,1688445989,10370823,69178,5121,Randolph (0500000US05121)
0500000US13243,6425,,,RAN,1109126227,6830041,352242,13243,Randolph (0500000US13243)
0500000US17157,30163,,,RAN,1490194098,56150220,1784967,17157,Randolph (0500000US17157)
0500000US18135,24502,,,RAN,1171656774,2420288,446853,18135,Randolph (0500000US18135)
0500000US29175,24716,,,RAN,1250217879,13254192,758542,29175,Randolph (0500000US29175)
0500000US37151,144171,,,RAN,2026237917,19758154,1008580,37151,Randolph (0500000US37151)
0500000US54083,27932,,,RAN,2692810850,667359,1550048,54083,Randolph (0500000US54083)
0500000US28121,157031,,,RAN,2008526163,79225996,695781,28121,Rankin (0500000US28121)
0500000US38073,5703,,,RAN,2233792873,3582338,1035301,38073,Ransom (0500000US38073)
0500000US22079,130023,,,RAP,3420935889,105385799,559460,22079,Rapides (0500000US22079)
0500000US51595,5766,,,RAP,17881071,165621,1498422,51595,Rappahannock (0500000US51595)
0500000US30081,44174,,,RAV,6192574713,24289479,1719582,30081,Ravalli (0500000US30081)
0500000US20153,2561,,,RAW,2769775708,415527,485040,20153,Rawlins (0500000US20153)
0500000US29177,23158,,,RAY,1473619864,13412073,758543,29177,Ray (0500000US29177)
0500000US48383,3385,,,REA,3044049119,1792716,1383977,48383,Reagan (0500000US48383)
0500000US48385,2758,,,REA,1810812879,2346259,1383978,48385,Real (0500000US48385)
0500000US27125,3935,,,RED,1119929346,227815,659508,27125,Red Lake (0500000US27125)
0500000US22081,7620,,,RED,1007453088,34259705,559472,22081,Red River (0500000US22081)
0500000US48387,11587,,,RED,2703677245,33255080,1383979,48387,Red River (0500000US48387)
0500000US31145,10702,,,RED,1857036304,2591016,835894,31145,Red Willow (0500000US31145)
0500000US27127,15425,,,RED,2275493325,8220826,659509,27127,Redwood (0500000US27127)
0500000US48389,14748,,,REE,6825534319,17396672,1383980,48389,Reeves (0500000US48389)
0500000US48391,6741,,,REF,1995545557,123688759,1383981,48391,Refugio (0500000US48391)
0500000US20155,61898,,,REN,3251231984,43517492,485041,20155,Reno (0500000US20155)
0500000US36083,161130,,,REN,1689859763,33525770,974140,36083,Rensselaer (0500000US36083)
0500000US27129,14723,,,REN,2545711095,10851893,659510,27129,Renville (0500000US27129)
0500000US38075,2282,,,REN,2272050275,40658499,1034229,38075,Renville (0500000US38075)
0500000US20157,4674,,,REP,1857998463,7951912,485042,20157,Republic (0500000US20157)
0500000US29179,6096,,,REY,2093946390,15373678,758544,29179,Reynolds (0500000US29179)
0500000US47143,32870,,,RHE,817071272,54409427,1639784,47143,Rhea (0500000US47143)
0500000US20159,9427,,,RIC,1880936102,4482698,485043,20159,Rice (0500000US20159)
0500000US27131,67097,,,RIC,1284218948,52062452,659511,27131,Rice (0500000US27131)
0500000US49033,2510,,,RIC,2664701007,149106483,1448030,49033,Rich (0500000US49033)
0500000US31147,7871,,,RIC,1429261302,7077610,835895,31147,Richardson (0500000US31147)
0500000US17159,15813,,,RIC,932484080,4874777,424281,17159,Richland (0500000US17159)
0500000US22083,20043,,,RIC,1439031396,22771218,559481,22083,Richland (0500000US22083)
0500000US30083,11491,,,RIC,5398974515,49002593,1715338,30083,Richland (0500000US30083)
0500000US38077,16529,,,RIC,3718378999,25035244,1035302,38077,Richland (0500000US38077)
0500000US39139,124936,,,RIC,1282631596,12560134,1074082,39139,Richland (0500000US39139)
0500000US45079,416147,,,RIC,1961343757,38007093,1249299,45079,Richland (0500000US45079)
0500000US55103,17304,,,RIC,1518120276,8153423,1581112,55103,Richland (0500000US55103)
0500000US13245,206607,,,RIC,840036613,10995252,358024,13245,Richmond (0500000US13245)
0500000US36085,495747,,,RIC,148982680,117441533,974141,36085,Richmond (0500000US36085)
0500000US37153,42946,,,RIC,1226849523,15575098,1008581,37153,Richmond (0500000US37153)
0500000US51600,24146,,,RIC,16162728,84155,1789070,51600,Richmond (0500000US51600)
0500000US51610,14658,,,RIC,5300262,32,1498423,51610,Richmond (0500000US51610)
0500000US20161,71959,,,RIL,1579077672,32047392,485044,20161,Riley (0500000US20161)
0500000US19159,4663,,,RIN,1386932347,8723135,465268,19159,Ringgold (0500000US19159)
0500000US35039,40363,,,RIO,15179593238,91463246,1702368,35039,Rio Arriba (0500000US35039)
0500000US08103,6529,,,RIO,8342275014,4868111,198167,8103,Rio Blanco (0500000US08103)
0500000US08105,11539,,,RIO,2361956082,984295,198168,8105,Rio Grande (0500000US08105)
0500000US18137,28995,,,RIP,1156231104,4243112,450385,18137,Ripley (0500000US18137)
0500000US29181,10679,,,RIP,1630438188,5455724,758545,29181,Ripley (0500000US29181)
0500000US54085,8444,,,RIT,1170648850,4424612,1689049,54085,Ritchie (0500000US54085)
0500000US06065,2418185,,,RIV,18671924669,242973907,277297,6065,Riverside (0500000US06065)
0500000US47145,53404,,,ROA,934385981,88599487,1639785,47145,Roane (0500000US47145)
0500000US54087,14028,,,ROA,1252422354,404682,1550050,54087,Roane (0500000US54087)
0500000US51620,8180,,,ROA,21438217,227442,1498424,51620,Roanoke (0500000US51620)
0500000US51630,27982,,,ROA,27066499,178344,1498425,51630,Roanoke (0500000US51630)
0500000US46109,10280,,,ROB,2851720399,89929974,1265786,46109,Roberts (0500000US46109)
0500000US48393,827,,,ROB,2393298442,346846,1383982,48393,Roberts (0500000US48393)
0500000US21201,2193,,,ROB,258794976,484952,516947,21201,Robertson (0500000US21201)
0500000US47147,72803,,,ROB,1233703847,457701,1639786,47147,Robertson (0500000US47147)
0500000US48395,16757,,,ROB,2214840334,27332985,1383983,48395,Robertson (0500000US48395)
0500000US37155,116530,,,ROB,2453481924,5076395,1026130,37155,Robeson (0500000US37155)
0500000US27133,9704,,,ROC,1249562287,698231,659512,27133,Rock (0500000US27133)
0500000US31149,1262,,,ROC,2611466193,8807741,835896,31149,Rock (0500000US31149)
0500000US55105,163687,,,ROC,1860044984,20695798,1581113,55105,Rock (0500000US55105)
0500000US17161,144672,,,ROC,1107209785,61633874,424282,17161,Rock Island (0500000US17161)
0500000US51640,6720,,,ROC,21332077,105290,1498426,51640,Rockbridge (0500000US51640)
0500000US21203,16037,,,ROC,819854210,4010849,516948,21203,Rockcastle (0500000US21203)
0500000US13247,93570,,,ROC,336226897,5900996,357592,13247,Rockdale (0500000US13247)
0500000US33015,314176,,,ROC,1801055122,258626550,873181,33015,Rockingham (0500000US33015)
0500000US37157,91096,,,ROC,1465006547,18434917,1008582,37157,Rockingham (0500000US37157)
0500000US51650,137148,,,ROC,133282615,219667964,1498554,51650,Rockingham (0500000US51650)
0500000US36087,338329,,,ROC,449841002,66919665,974142,36087,Rockland (0500000US36087)
0500000US48397,107819,,,ROC,329464269,56269481,1383984,48397,Rockwall (0500000US48397)
0500000US40129,3442,,,ROG,2955524813,13688537,1101852,40129,Roger Mills (0500000US40129)
0500000US40131,95240,,,ROG,1750176502,92946097,1101853,40131,Rogers (0500000US40131)
0500000US38079,12187,,,ROL,2338867336,94423046,1034228,38079,Rolette (0500000US38079)
0500000US20163,4919,,,ROO,2306454194,11962259,485045,20163,Rooks (0500000US20163)
0500000US30085,10794,,,ROO,6098391677,38582249,1669428,30085,Roosevelt (0500000US30085)
0500000US35041,19191,,,ROO,6335242836,18679734,1702369,35041,Roosevelt (0500000US35041)
0500000US26143,23459,,,ROS,1346526239,155723123,1623014,26143,Roscommon (0500000US26143)
0500000US27135,15331,,,ROS,4329730562,16913419,659513,27135,Roseau (0500000US27135)
0500000US30087,8329,,,ROS,12971010185,44234227,1716795,30087,Rosebud (0500000US30087)
0500000US39141,77093,,,ROS,1784931094,9994410,1074083,39141,Ross (0500000US39141)
0500000US08107,24829,,,ROU,6117602801,15831744,198169,8107,Routt (0500000US08107)
0500000US21205,24662,,,ROW,724780982,16641973,516949,21205,Rowan (0500000US21205)
0500000US37159,146875,,,ROW,1325058762,31968195,1008583,37159,Rowan (0500000US37159)
0500000US48399,9900,,,RUN,2722259323,15604788,1383985,48399,Runnels (0500000US48399)
0500000US18139,16752,,,RUS,1057069328,838340,446854,18139,Rush (0500000US18139)
0500000US20165,2956,,,RUS,1858997559,544720,485358,20165,Rush (0500000US20165)
0500000US48401,52214,,,RUS,2393663215,37217198,1383986,48401,Rusk (0500000US48401)
0500000US55107,14188,,,RUS,2366092262,44813690,1581114,55107,Rusk (0500000US55107)
0500000US01113,59183,,,RUS,1660652494,15564412,161583,1113,Russell (0500000US01113)
0500000US20167,6691,,,RUS,2295402858,34126776,485046,20167,Russell (0500000US20167)
0500000US21207,17991,,,RUS,657060481,75583987,516950,21207,Russell (0500000US21207)
0500000US51660,51814,,,RUS,44908386,131080,1498563,51660,Russell (0500000US51660)
0500000US37161,64444,,,RUT,1464476090,4692959,1008584,37161,Rutherford (0500000US37161)
0500000US47149,341486,,,RUT,1603892832,12406556,1639787,47149,Rutherford (0500000US47149)
0500000US50021,60572,,,RUT,2410114035,38760900,1461767,50021,Rutland (0500000US50021)
0500000US22085,22155,,,SAB,2244547678,375313525,559489,22085,Sabine (0500000US22085)
0500000US48403,9894,,,SAB,1273523415,219936062,1383987,48403,Sabine (0500000US48403)
0500000US19161,9814,,,SAC,1489300203,8569436,465269,19161,Sac (0500000US19161)
0500000US06067,1585055,,,SAC,2500045887,75340560,277298,6067,Sacramento (0500000US06067)
0500000US23023,36699,,,SAG,657786224,300586843,581297,23023,Sagadahoc (0500000US23023)
0500000US26145,190124,,,SAG,2074053636,39287690,1623015,26145,Saginaw (0500000US26145)
0500000US08109,6368,,,SAG,8206547699,4454510,198170,8109,Saguache (0500000US08109)
0500000US34033,64837,,,SAL,859519174,105385672,882233,34033,Salem (0500000US34033)
0500000US51670,23033,,,SAL,26817673,1228128,1498428,51670,Salem (0500000US51670)
0500000US05123,23090,,,SAL,1644082981,20017606,83331,5123,Saline (0500000US05123)
0500000US17163,257400,,,SAL,1703526425,41843531,1784987,17163,Saline (0500000US17163)
0500000US20169,54303,,,SAL,1865429339,2760902,485047,20169,Saline (0500000US20169)
0500000US29183,405262,,,SAL,1451692082,82663655,758546,29183,Saline (0500000US29183)
0500000US31151,14292,,,SAL,1486812315,5821039,835897,31151,Saline (0500000US31151)
0500000US49035,1185238,,,SAL,1921953039,164895908,1448031,49035,Salt Lake (0500000US49035)
0500000US45081,18862,,,SAL,1172525912,23102511,1248016,45081,Saluda (0500000US45081)
0500000US37163,59036,,,SAM,2449946536,4923828,1026131,37163,Sampson (0500000US37163)
0500000US48405,7918,,,SAN,1374400363,159644688,1383988,48405,San Augustine (0500000US48405)
0500000US06069,64209,,,SAN,3596591085,4719300,277299,6069,San Benito (0500000US06069)
0500000US06071,2181654,,,SAN,51976125699,96413674,277300,6071,San Bernardino (0500000US06071)
0500000US06073,3298634,,,SAN,10904515125,817257158,277301,6073,San Diego (0500000US06073)
0500000US06075,873965,,,SAN,121507089,479146790,277302,6075,San Francisco (0500000US06075)
0500000US48407,27402,,,SAN,1474332269,151949232,1383989,48407,San Jacinto (0500000US48407)
0500000US06077,779233,,,SAN,3606222503,89027654,277303,6077,San Joaquin (0500000US06077)
0500000US08111,705,,,SAN,1003660672,2035929,198171,8111,San Juan (0500000US08111)
0500000US35043,148834,,,SAN,9609358329,10852149,929113,35043,San Juan (0500000US35043)
0500000US49037,14518,,,SAN,20253174599,293818273,1448032,49037,San Juan (0500000US49037)
0500000US53055,17788,,,SAN,450432205,1157478544,1531931,53055,San Juan (0500000US53055)
0500000US06079,282424,,,SAN,8549176813,815614291,277304,6079,San Luis Obispo (0500000US06079)
0500000US06081,764442,,,SAN,1161922042,757123906,277305,6081,San Mateo (0500000US06081)
0500000US08113,8072,,,SAN,3332602595,5207582,198172,8113,San Miguel (0500000US08113)
0500000US35045,121661,,,SAN,14289563220,54895407,936844,35045,San Miguel (0500000US35045)
0500000US48409,68755,,,SAN,1795990941,37577389,1383990,48409,San Patricio (0500000US48409)
0500000US48411,5730,,,SAN,2940447163,8300211,1383991,48411,San Saba (0500000US48411)
0500000US46111,2330,,,SAN,1474329184,3132216,1266977,46111,Sanborn (0500000US46111)
0500000US30089,12400,,,SAN,7149404122,76395122,1719578,30089,Sanders (0500000US30089)
0500000US35047,27201,,,SAN,12228666259,51380263,929114,35047,Sandoval (0500000US35047)
0500000US39143,58896,,,SAN,1057351022,24514231,1074084,39143,Sandusky (0500000US39143)
0500000US17165,23768,,,SAN,984170284,17979016,424283,17165,Sangamon (0500000US17165)
0500000US26147,160383,,,SAN,1868725517,297817403,1625033,26147,Sanilac (0500000US26147)
0500000US49039,28437,,,SAN,4117901457,32049371,1448033,49039,Sanpete (0500000US49039)
0500000US06083,448229,,,SAN,7080860229,2729213507,277306,6083,Santa Barbara (0500000US06083)
0500000US06085,1936259,,,SAN,3343892720,33595850,277307,6085,Santa Clara (0500000US06085)
0500000US04023,47669,,,SAN,3201853239,3068237,40472,4023,Santa Cruz (0500000US04023)
0500000US06087,270861,,,SAN,1152823584,419714230,277308,6087,Santa Cruz (0500000US06087)
0500000US35049,154823,,,SAN,4947861287,2643021,933322,35049,Santa Fe (0500000US35049)
0500000US12109,273425,,,SAN,1555651402,572113481,308371,12109,Santa Rosa (0500000US12109)
0500000US12111,329226,,,SAR,1480593673,300906587,308372,12111,Sarasota (0500000US12111)
0500000US36089,108505,,,SAR,6939601205,367206795,977309,36089,Saratoga (0500000US36089)
0500000US38081,3862,,,SAR,2223461620,21731925,1035303,38081,Sargent (0500000US38081)
0500000US31153,190604,,,SAR,616679952,24397525,835898,31153,Sarpy (0500000US31153)
0500000US55109,93536,,,SAU,1870380099,33740130,1581833,55109,Sauk (0500000US55109)
0500000US31155,22278,,,SAU,1939715798,28209418,835899,31155,Saunders (0500000US31155)
0500000US55111,65763,,,SAW,2153686013,45692969,1581115,55111,Sawyer (0500000US55111)
0500000US36091,235509,,,SCH,2097812305,87488004,974143,36091,Schenectady (0500000US36091)
0500000US48413,2451,,,SCH,3394546068,87401,1383992,48413,Schleicher (0500000US48413)
0500000US13249,4547,,,SCH,432291202,2369649,344129,13249,Schley (0500000US13249)
0500000US36093,158061,,,SCH,530089712,12366944,974144,36093,Schoharie (0500000US36093)
0500000US26149,60939,,,SCH,1296650215,52801735,1625034,26149,Schoolcraft (0500000US26149)
0500000US17167,196343,,,SCH,2248773855,22676868,1785010,17167,Schuyler (0500000US17167)
0500000US29185,9284,,,SCH,1748193269,70137865,758547,29185,Schuyler (0500000US29185)
0500000US36095,29714,,,SCH,1610503552,11676951,974145,36095,Schuyler (0500000US36095)
0500000US42107,143049,,,SCH,2016509909,10820294,1213685,42107,Schuylkill (0500000US42107)
0500000US39145,74008,,,SCI,1580267231,16098454,1074085,39145,Scioto (0500000US39145)
0500000US29186,18479,,,SCO,1292800352,19739769,765806,29186,Scotland (0500000US29186)
0500000US37165,34174,,,SCO,826569986,3842049,1008585,37165,Scotland (0500000US37165)
0500000US05125,123416,,,SCO,1873940137,17955554,67102,5125,Scott (0500000US05125)
0500000US17169,6902,,,SCO,1132602760,10510632,1785037,17169,Scott (0500000US17169)
0500000US18141,272912,,,SCO,1185636243,9346832,452855,18141,Scott (0500000US18141)
0500000US19163,174669,,,SCO,1186463531,26196368,465270,19163,Scott (0500000US19163)
0500000US20171,5151,,,SCO,1858536838,306079,485048,20171,Scott (0500000US20171)
0500000US21209,57155,,,SCO,729775496,9439750,516951,21209,Scott (0500000US21209)
0500000US27137,200231,,,SCO,16182504854,1586218580,662850,27137,Scott (0500000US27137)
0500000US28123,27990,,,SCO,1577902084,3001523,695782,28123,Scott (0500000US28123)
0500000US29187,66922,,,SCO,1170380017,7218075,758548,29187,Scott (0500000US29187)
0500000US47151,21850,,,SCO,1378652173,2418741,1639788,47151,Scott (0500000US47151)
0500000US51678,7320,,,SCO,6473000,67783,1789071,51678,Scott (0500000US51678)
0500000US31157,36084,,,SCO,1915576079,15402683,835900,31157,Scotts Bluff (0500000US31157)
0500000US13251,14067,,,SCR,1672668617,26023811,350204,13251,Screven (0500000US13251)
0500000US48415,16932,,,SCU,2345090474,5436957,1383993,48415,Scurry (0500000US48415)
0500000US05127,9836,,,SEA,2312470680,14373451,69179,5127,Searcy (0500000US05127)
0500000US05129,7828,,,SEB,1724501452,6461828,69180,5129,Sebastian (0500000US05129)
0500000US08115,2404,,,SED,1419419015,3530746,198173,8115,Sedgwick (0500000US08115)
0500000US20173,523824,,,SED,2582051713,31558986,485049,20173,Sedgwick (0500000US20173)
0500000US12113,188000,,,SEM,2622106398,543294939,306914,12113,Seminole (0500000US12113)
0500000US13253,9147,,,SEM,615233530,49243434,351263,13253,Seminole (0500000US13253)
0500000US40133,23556,,,SEM,1639028938,19925657,1101854,40133,Seminole (0500000US40133)
0500000US36097,17898,,,SEN,850405403,36246373,974146,36097,Seneca (0500000US36097)
0500000US39147,55069,,,SEN,1427151729,4576816,1074086,39147,Seneca (0500000US39147)
0500000US47153,15826,,,SEQ,688550848,498315,1652643,47153,Sequatchie (0500000US47153)
0500000US40135,39281,,,SEQ,1744516972,105109943,1101855,40135,Sequoyah (0500000US40135)
0500000US05131,127799,,,SEV,1375754630,33853972,69181,5131,Sevier (0500000US05131)
0500000US47155,98380,,,SEV,1534539907,13487879,1639789,47155,Sevier (0500000US47155)
0500000US49041,21522,,,SEV,4948000055,20260728,1448034,49041,Sevier (0500000US49041)
0500000US20175,21964,,,SEW,1656693305,1961444,485050,20175,Seward (0500000US20175)
0500000US31159,17609,,,SEW,1479995692,11542537,835901,31159,Seward (0500000US31159)
0500000US48417,3105,,,SHA,2367989254,3268209,1383994,48417,Shackelford (0500000US48417)
0500000US29189,1004125,,,SHA,1315390296,39612404,758549,29189,Shannon (0500000US29189)
0500000US28125,3800,,,SHA,1118149684,8806463,695783,28125,Sharkey (0500000US28125)
0500000US05133,15839,,,SHA,1459650889,45919661,69182,5133,Sharp (0500000US05133)
0500000US06089,182155,,,SHA,9778670503,186039037,1682610,6089,Shasta (0500000US06089)
0500000US55113,18074,,,SHA,3257188233,239912003,1581116,55113,Shawano (0500000US55113)
0500000US20177,178909,,,SHA,1409020133,30313507,485051,20177,Shawnee (0500000US20177)
0500000US55115,40881,,,SHE,2313441749,41883059,1581117,55115,Sheboygan (0500000US55115)
0500000US01115,91103,,,SHE,1635759714,56431801,164997,1115,Shelby (0500000US01115)
0500000US17171,4949,,,SHE,649542036,4814546,424286,17171,Shelby (0500000US17171)
0500000US18143,24384,,,SHE,493140245,6074951,450386,18143,Shelby (0500000US18143)
0500000US19165,11746,,,SHE,1530110527,1486125,465271,19165,Shelby (0500000US19165)
0500000US21211,48065,,,SHE,983603452,15260283,516952,21211,Shelby (0500000US21211)
0500000US29195,23333,,,SHE,1956761965,29542462,758550,29195,Shelby (0500000US29195)
0500000US39149,48230,,,SHE,1055922238,7802978,1074087,39149,Shelby (0500000US39149)
0500000US47157,929744,,,SHE,1969826791,51308328,1639790,47157,Shelby (0500000US47157)
0500000US48419,24022,,,SHE,2060566466,101081677,1383995,48419,Shelby (0500000US48419)
0500000US51680,79009,,,SHE,126848431,1422888,1498429,51680,Shenandoah (0500000US51680)
0500000US27139,150928,,,SHE,922739127,31367796,659514,27139,Sherburne (0500000US27139)
0500000US20179,2447,,,SHE,2320518304,647342,485052,20179,Sheridan (0500000US20179)
0500000US30091,3539,,,SHE,4343256743,75111952,1677577,30091,Sheridan (0500000US30091)
0500000US31161,5127,,,SHE,6321862270,74723228,835902,31161,Sheridan (0500000US31161)
0500000US38083,1265,,,SHE,2518053323,86198839,1034203,38083,Sheridan (0500000US38083)
0500000US56033,30921,,,SHE,6535475075,7986330,1605081,56033,Sheridan (0500000US56033)
0500000US20181,5927,,,SHE,2735193250,548248,485053,20181,Sherman (0500000US20181)
0500000US31163,2959,,,SHE,1465552764,14998613,835903,31163,Sherman (0500000US31163)
0500000US41055,1870,,,SHE,2133151630,19617472,1135863,41055,Sherman (0500000US41055)
0500000US48421,2782,,,SHE,2390195607,425429,1383996,48421,Sherman (0500000US48421)
0500000US26151,40611,,,SHI,2493048510,1624879474,1623016,26151,Shiawassee (0500000US26151)
0500000US16079,13169,,,SHO,6830898576,13962457,1702379,16079,Shoshone (0500000US16079)
0500000US27141,97183,,,SIB,1121230367,46911208,659515,27141,Sibley (0500000US27141)
0500000US06091,3236,,,SIE,2468694582,23299110,277310,6091,Sierra (0500000US06091)
0500000US35051,11576,,,SIE,10829279105,147645503,1702370,35051,Sierra (0500000US35051)
0500000US30093,35133,,,SIL,1859568271,1518178,1719575,30093,Silver Bow (0500000US30093)
0500000US21213,19594,,,SIM,606589242,5852914,516953,21213,Simpson (0500000US21213)
0500000US28127,25949,,,SIM,1525930873,3378528,695784,28127,Simpson (0500000US28127)
0500000US19167,35872,,,SIO,1988881471,2802041,465272,19167,Sioux (0500000US19167)
0500000US31165,1135,,,SIO,5352785007,1665309,835904,31165,Sioux (0500000US31165)
0500000US38085,3898,,,SIO,2833580511,88449896,1034208,38085,Sioux (0500000US38085)
0500000US06093,44076,,,SIS,16261933231,179149816,277311,6093,Siskiyou (0500000US06093)
0500000US53057,129523,,,SKA,4481338199,483760601,1531402,53057,Skagit (0500000US53057)
0500000US53059,12036,,,SKA,4294897557,73323243,1529220,53059,Skamania (0500000US53059)
0500000US38087,706,,,SLO,3147520240,10980611,1035896,38087,Slope (0500000US38087)
0500000US20183,3570,,,SMI,2319241778,3884267,484969,20183,Smith (0500000US20183)
0500000US28129,14209,,,SMI,1647926077,2599432,695785,28129,Smith (0500000US28129)
0500000US47159,19904,,,SMI,814020543,28690306,1639791,47159,Smith (0500000US47159)
0500000US48423,233479,,,SMI,2386604317,73163656,1383997,48423,Smith (0500000US48423)
0500000US51683,42772,,,SMY,25493247,146287,1498430,51683,Smyth (0500000US51683)
0500000US53061,827957,,,SNO,5404065563,282905322,1529222,53061,Snohomish (0500000US53061)
0500000US42109,39736,,,SNY,851547199,7158854,1213686,42109,Snyder (0500000US42109)
0500000US35053,16595,,,SOC,17214061665,4843011,1702371,35053,Socorro (0500000US35053)
0500000US06095,453491,,,SOL,2128527683,218619356,277312,6095,Solano (0500000US06095)
0500000US23025,50477,,,SOM,10163811990,437942552,581298,23025,Somerset (0500000US23025)
0500000US24039,24620,,,SOM,828145301,752652883,596907,24039,Somerset (0500000US24039)
0500000US34035,345361,,,SOM,781829190,7996119,882234,34035,Somerset (0500000US34035)
0500000US42111,74129,,,SOM,2784357763,17118618,1209188,42111,Somerset (0500000US42111)
0500000US48425,9205,,,SOM,482714479,14210911,1383998,48425,Somervell (0500000US48425)
0500000US06097,488863,,,SON,4080864785,498081645,1657246,6097,Sonoma (0500000US06097)
0500000US51685,17219,,,SOU,7857548,1609,1498431,51685,Southampton (0500000US51685)
0500000US13255,67306,,,SPA,507561198,9375991,353055,13255,Spalding (0500000US13255)
0500000US45083,327997,,,SPA,2093687933,29513744,1248592,45083,Spartanburg (0500000US45083)
0500000US18145,45055,,,SPE,1064836596,4197549,450387,18145,Spencer (0500000US18145)
0500000US21215,19490,,,SPE,483617871,12782162,516954,21215,Spencer (0500000US21215)
0500000US46115,6361,,,SPI,3894043705,16165380,1266987,46115,Spink (0500000US46115)
0500000US53063,539339,,,SPO,4569318495,43407953,1529225,53063,Spokane (0500000US53063)
0500000US51690,13485,,,SPO,28374648,135578,1789072,51690,Spotsylvania (0500000US51690)
0500000US22087,43764,,,ST.,977763283,4604190754,1629542,22087,St. Bernard (0500000US22087)
0500000US22089,52549,,,ST.,719347893,308635080,1629449,22089,St. Charles (0500000US22089)
0500000US29197,4032,,,ST.,795916404,2216011,758551,29197,St. Charles (0500000US29197)
0500000US01117,223024,,,ST.,2034279163,62288764,161584,1117,St. Clair (0500000US01117)
0500000US17173,20990,,,ST.,1964532704,24746071,1785051,17173,St. Clair (0500000US17173)
0500000US26153,8047,,,ST.,3035145671,1844210517,1623017,26153,St. Clair (0500000US26153)
0500000US29199,4716,,,ST.,1130548365,7217862,758552,29199,St. Clair (0500000US29199)
0500000US55117,118034,,,ST.,1324851053,1967647657,1581118,55117,St. Croix (0500000US55117)
0500000US05135,17271,,,ST.,1565969853,5209695,69183,5135,St. Francis (0500000US05135)
0500000US29201,38059,,,ST.,1087808789,15175233,758553,29201,St. Francois (0500000US29201)
0500000US22091,10920,,,ST.,1058078903,2796358,1629457,22091,St. Helena (0500000US22091)
0500000US22093,20192,,,ST.,616057915,38773983,1629464,22093,St. James (0500000US22093)
0500000US22095,42477,,,ST.,555484721,506440074,1629472,22095,St. John the Baptist (0500000US22095)
0500000US12115,434006,,,ST.,1440049632,1086617983,295741,12115,St. Johns (0500000US12115)
0500000US18147,19810,,,ST.,1027918647,11984810,450388,18147,St. Joseph (0500000US18147)
0500000US26155,68094,,,ST.,1375198265,25833316,1623018,26155,St. Joseph (0500000US26155)
0500000US22097,82540,,,ST.,2393224007,39013551,1629479,22097,St. Landry (0500000US22097)
0500000US36099,33814,,,ST.,838372770,172818530,974147,36099,St. Lawrence (0500000US36099)
0500000US27143,14836,,,ST.,1525073955,30338002,659516,27143,St. Louis (0500000US27143)
0500000US29203,7031,,,ST.,2599881424,464012,758554,29203,St. Louis (0500000US29203)
0500000US29205,6103,,,ST.,1297230222,3764606,758555,29205,St. Louis (0500000US29205)
0500000US12117,470856,,,ST.,801288992,93135088,303665,12117,St. Lucie (0500000US12117)
0500000US22099,51767,,,ST.,1910038833,205294658,1629486,22099,St. Martin (0500000US22099)
0500000US22101,49406,,,ST.,1439626085,1460444966,1629492,22101,St. Mary (0500000US22101)
0500000US24041,37526,,,ST.,695561637,539363457,592947,24041,St. Mary's (0500000US24041)
0500000US22103,264570,,,ST.,2189234793,648416119,1629503,22103,St. Tammany (0500000US22103)
0500000US20185,4072,,,STA,2051389756,7435417,485054,20185,Stafford (0500000US20185)
0500000US51700,186247,,,STA,178679454,131135058,1498555,51700,Stafford (0500000US51700)
0500000US06099,552878,,,STA,3874667297,46351770,277314,6099,Stanislaus (0500000US06099)
0500000US46117,2980,,,STA,3741060758,188383651,1266998,46117,Stanley (0500000US46117)
0500000US37167,62504,,,STA,1023250043,25187035,1025844,37167,Stanly (0500000US37167)
0500000US20187,2084,,,STA,1762103387,178555,485055,20187,Stanton (0500000US20187)
0500000US31167,5842,,,STA,1107500709,8789496,835905,31167,Stanton (0500000US31167)
0500000US17175,5400,,,STA,746189903,684784,424288,17175,Stark (0500000US17175)
0500000US38089,33646,,,STA,3457408933,14023939,1035618,38089,Stark (0500000US38089)
0500000US39151,374853,,,STA,1489930012,13646459,1065576,39151,Stark (0500000US39151)
0500000US18149,23371,,,STA,800679813,7929143,450389,18149,Starke (0500000US18149)
0500000US48427,65920,,,STA,3168019235,15346374,1383999,48427,Starr (0500000US48427)
0500000US51710,238005,,,STA,137981431,111701531,1498557,51710,Staunton (0500000US51710)
0500000US29207,28672,,,STE,2131929142,15025824,758556,29207,Ste. Genevieve (0500000US29207)
0500000US27145,158292,,,STE,3477910045,122236877,659517,27145,Stearns (0500000US27145)
0500000US27147,37406,,,STE,1112775704,6976791,659518,27147,Steele (0500000US27147)
0500000US38091,1798,,,STE,1844441513,8435674,1034220,38091,Steele (0500000US38091)
0500000US13257,26784,,,STE,463254407,13035162,350028,13257,Stephens (0500000US13257)
0500000US40137,42848,,,STE,2253830200,54833890,1101856,40137,Stephens (0500000US40137)
0500000US48429,9101,,,STE,2322497231,64147705,1384000,48429,Stephens (0500000US48429)
0500000US17177,44630,,,STE,1461392061,1350223,1785076,17177,Stephenson (0500000US17177)
0500000US48431,1372,,,STE,2391722770,167451,1384001,48431,Sterling (0500000US48431)
0500000US18151,34435,,,STE,799737112,35446879,450390,18151,Steuben (0500000US18151)
0500000US36101,93584,,,STE,3601398422,35039875,974148,36101,Steuben (0500000US36101)
0500000US20189,5250,,,STE,1883593926,464936,485056,20189,Stevens (0500000US20189)
0500000US27149,9671,,,STE,1459664592,30322218,659519,27149,Stevens (0500000US27149)
0500000US53065,46445,,,STE,6415657826,162941995,1531930,53065,Stevens (0500000US53065)
0500000US13259,5314,,,STE,1188153054,12598484,347360,13259,Stewart (0500000US13259)
0500000US47161,13657,,,STE,1190814528,86082696,1639792,47161,Stewart (0500000US47161)
0500000US30095,8963,,,STI,4653550993,23732517,1719572,30095,Stillwater (0500000US30095)
0500000US29209,31076,,,STO,1201303092,121184921,758557,29209,Stoddard (0500000US29209)
0500000US37169,44520,,,STO,1163797562,17578802,1008586,37169,Stokes (0500000US37169)
0500000US05137,12359,,,STO,1570673294,8145444,69902,5137,Stone (0500000US05137)
0500000US28131,18333,,,STO,1153800120,6712351,695786,28131,Stone (0500000US28131)
0500000US29211,5999,,,STO,1678265913,9121738,758558,29211,Stone (0500000US29211)
0500000US48433,1245,,,STO,2373238700,10177387,1384002,48433,Stonewall (0500000US48433)
0500000US32031,486492,,,STO,16358044341,582738419,858608,32031,Storey (0500000US32031)
0500000US19169,98537,,,STO,1482882553,2862354,465273,19169,Story (0500000US19169)
0500000US33017,130889,,,STR,951743430,39154073,873182,33017,Strafford (0500000US33017)
0500000US38093,21593,,,STU,5754703480,197271625,1034224,38093,Stutsman (0500000US38093)
0500000US56035,8728,,,SUB,12655929030,127353627,1605082,56035,Sublette (0500000US56035)
0500000US25025,797936,,,SUF,150875411,160499488,606939,25025,Suffolk (0500000US25025)
0500000US36103,1525920,,,SUF,2359242298,3787452993,974149,36103,Suffolk (0500000US36103)
0500000US51720,3687,,,SUF,19366113,89335,1498434,51720,Suffolk (0500000US51720)
0500000US18153,20817,,,SUL,1158170861,17983719,450391,18153,Sullivan (0500000US18153)
0500000US29213,56066,,,SUL,1637451070,50126669,758559,29213,Sullivan (0500000US29213)
0500000US33019,43063,,,SUL,1393091317,36932078,873183,33019,Sullivan (0500000US33019)
0500000US36105,78624,,,SUL,2507484145,73737483,974150,36105,Sullivan (0500000US36105)
0500000US42113,5840,,,SUL,1165337813,6617028,1213687,42113,Sullivan (0500000US42113)
0500000US47163,158163,,,SUL,1070909515,42024697,1639793,47163,Sullivan (0500000US47163)
0500000US46119,1446,,,SUL,2607411018,164375674,1266982,46119,Sully (0500000US46119)
0500000US54089,11959,,,SUM,933930185,18478164,1557805,54089,Summers (0500000US54089)
0500000US08117,31055,,,SUM,1575563227,28310936,198174,8117,Summit (0500000US08117)
0500000US39153,540428,,,SUM,1069129523,19007561,1074088,39153,Summit (0500000US39153)
0500000US49043,42357,,,SUM,4844776284,26617165,1448035,49043,Summit (0500000US49043)
0500000US20191,22382,,,SUM,3060505684,8512878,481812,20191,Sumner (0500000US20191)
0500000US47165,196281,,,SUM,1371293555,35631266,1639794,47165,Sumner (0500000US47165)
0500000US01119,12345,,,SUM,2340898913,24634883,161585,1119,Sumter (0500000US01119)
0500000US12119,129752,,,SUM,1442978468,58762672,295740,12119,Sumter (0500000US12119)
0500000US13261,29616,,,SUM,1250646286,25211441,343504,13261,Sumter (0500000US13261)
0500000US45085,105556,,,SUM,1722544860,44046815,1244717,45085,Sumter (0500000US45085)
0500000US28133,25971,,,SUN,1807187011,23747316,695787,28133,Sunflower (0500000US28133)
0500000US37171,71359,,,SUR,1379543351,10391163,1008587,37171,Surry (0500000US37171)
0500000US51730,33458,,,SUR,58845730,577678,1498435,51730,Surry (0500000US51730)
0500000US42115,38434,,,SUS,2132844293,22384975,1213688,42115,Susquehanna (0500000US42115)
0500000US10005,237378,,,SUS,2424633519,674085951,217269,10005,Sussex (0500000US10005)
0500000US34037,144221,,,SUS,1343330731,43707483,882236,34037,Sussex (0500000US34037)
0500000US51735,12460,,,SUS,39773690,163429842,1498436,51735,Sussex (0500000US51735)
0500000US06101,99633,,,SUT,1560975503,14811541,277315,6101,Sutter (0500000US06101)
0500000US48435,3372,,,SUT,3765674775,1277066,1384003,48435,Sutton (0500000US48435)
0500000US12121,43474,,,SUW,1783430092,9505389,295729,12121,Suwannee (0500000US12121)
0500000US37173,14117,,,SWA,1366810476,32416167,1008588,37173,Swain (0500000US37173)
0500000US30097,3678,,,SWE,4805816391,17455905,1719569,30097,Sweet Grass (0500000US30097)
0500000US56037,42272,,,SWE,27005754359,166230245,1609192,56037,Sweetwater (0500000US56037)
0500000US27151,9838,,,SWI,1921733671,26235363,659520,27151,Swift (0500000US27151)
0500000US48437,6971,,,SWI,2305502705,27277988,1384004,48437,Swisher (0500000US48437)
0500000US18155,9737,,,SWI,571526245,7531845,450392,18155,Switzerland (0500000US18155)
0500000US13263,5733,,,TAL,1013662778,8766848,326757,13263,Talbot (0500000US13263)
0500000US24043,154705,,,TAL,1185655248,24820607,1714220,24043,Talbot (0500000US24043)
0500000US13265,1559,,,TAL,504029143,1917633,347654,13265,Taliaferro (0500000US13265)
0500000US01121,82149,,,TAL,1908346574,60874403,161586,1121,Talladega (0500000US01121)
0500000US28135,12715,,,TAL,1672069540,16969517,695788,28135,Tallahatchie (0500000US28135)
0500000US01123,41311,,,TAL,1855798002,128790974,161587,1123,Tallapoosa (0500000US01123)
0500000US19171,17135,,,TAM,1867410499,2769418,465274,19171,Tama (0500000US19171)
0500000US29215,24487,,,TAN,3049106824,5071079,758560,29215,Taney (0500000US29215)
0500000US22105,133157,,,TAN,2049124443,136690438,559500,22105,Tangipahoa (0500000US22105)
0500000US35055,34489,,,TAO,5704119617,3383128,933056,35055,Taos (0500000US35055)
0500000US48439,2110640,,,TAR,2241076690,99784211,1384005,48439,Tarrant (0500000US48439)
0500000US28137,28064,,,TAT,1048332525,16090912,695789,28137,Tate (0500000US28137)
0500000US13267,22842,,,TAT,1245369512,19447412,347445,13267,Tattnall (0500000US13267)
0500000US12123,21796,,,TAY,2702230209,1213570846,295728,12123,Taylor (0500000US12123)
0500000US13269,7816,,,TAY,975613090,7801539,344156,13269,Taylor (0500000US13269)
0500000US19173,5896,,,TAY,1377618877,7133363,465275,19173,Taylor (0500000US19173)
0500000US21217,26023,,,TAY,689891732,27072003,516955,21217,Taylor (0500000US21217)
0500000US48441,143208,,,TAY,2371228265,9760311,1384006,48441,Taylor (0500000US48441)
0500000US54091,16705,,,TAY,447475053,7532835,1689856,54091,Taylor (0500000US54091)
0500000US55119,19913,,,TAY,2525374187,24630990,1581119,55119,Taylor (0500000US55119)
0500000US17179,131343,,,TAZ,1674346368,29712527,1785094,17179,Tazewell (0500000US17179)
0500000US51740,97915,,,TAZ,86248205,34658275,1498556,51740,Tazewell (0500000US51740)
0500000US06103,65829,,,TEH,7638229340,33767224,1692767,6103,Tehama (0500000US06103)
0500000US13271,12477,,,TEL,1132621093,17356399,356958,13271,Telfair (0500000US13271)
0500000US08119,24710,,,TEL,1442988178,4960197,198175,8119,Teller (0500000US08119)
0500000US22107,4147,,,TEN,1561795836,99432220,559509,22107,Tensas (0500000US22107)
0500000US22109,109580,,,TER,3185395699,2207589251,559517,22109,Terrebonne (0500000US22109)
0500000US13273,9185,,,TER,869695791,4951325,352238,13273,Terrell (0500000US13273)
0500000US48443,760,,,TER,6107081791,259482,1384007,48443,Terrell (0500000US48443)
0500000US48445,11831,,,TER,2302113089,5414060,1384008,48445,Terry (0500000US48445)
0500000US16081,11630,,,TET,1163139971,2868473,399297,16081,Teton (0500000US16081)
0500000US30099,6226,,,TET,5883457566,52625570,1720018,30099,Teton (0500000US30099)
0500000US56039,23331,,,TET,10351790059,570859114,1605083,56039,Teton (0500000US56039)
0500000US29217,19707,,,TEX,2140343861,27020859,758561,29217,Texas (0500000US29217)
0500000US40139,21384,,,TEX,5286873570,19218939,1101857,40139,Texas (0500000US40139)
0500000US31169,5034,,,THA,1486153254,3025339,835906,31169,Thayer (0500000US31169)
0500000US13275,45798,,,THO,1410592607,19645695,343835,13275,Thomas (0500000US13275)
0500000US20193,7930,,,THO,2783425129,288241,485057,20193,Thomas (0500000US20193)
0500000US31171,669,,,THO,1845564903,2028433,835907,31171,Thomas (0500000US31171)
0500000US48447,1440,,,THR,2363499444,7586186,1384009,48447,Throckmorton (0500000US48447)
0500000US31173,6773,,,THU,1019377275,6458648,835908,31173,Thurston (0500000US31173)
0500000US53067,294793,,,THU,1871256793,133627810,1529226,53067,Thurston (0500000US53067)
0500000US13277,41344,,,TIF,675702302,20458311,344090,13277,Tift (0500000US13277)
0500000US41057,27390,,,TIL,2855123462,595798340,1135864,41057,Tillamook (0500000US41057)
0500000US40141,6968,,,TIL,2256226948,20895054,1101858,40141,Tillman (0500000US40141)
0500000US36107,48455,,,TIO,1343600016,11044570,974151,36107,Tioga (0500000US36107)
0500000US42117,41045,,,TIO,2936765818,8279717,1209189,42117,Tioga (0500000US42117)
0500000US28139,21815,,,TIP,1185754676,5522228,695790,28139,Tippah (0500000US28139)
0500000US18157,186251,,,TIP,1292163450,11230872,450393,18157,Tippecanoe (0500000US18157)
0500000US18159,15359,,,TIP,674797598,68028,450394,18159,Tipton (0500000US18159)
0500000US47167,60970,,,TIP,1180026940,32703276,1639795,47167,Tipton (0500000US47167)
0500000US28141,18850,,,TIS,1098925142,52373918,695791,28141,Tishomingo (0500000US28141)
0500000US48449,31247,,,TIT,1051700266,50711179,1384010,48449,Titus (0500000US48449)
0500000US21219,12243,,,TOD,969966762,6603979,516956,21219,Todd (0500000US21219)
0500000US27153,25262,,,TOD,2447791802,89136471,659521,27153,Todd (0500000US27153)
0500000US46121,9319,,,TOD,3596445725,5854544,1266989,46121,Todd (0500000US46121)
0500000US09013,149788,,,TOL,1062807467,17549693,212668,9013,Tolland (0500000US09013)
0500000US48451,120003,,,TOM,3941965409,48077315,1384011,48451,Tom Green (0500000US48451)
0500000US36109,105740,,,TOM,1229316849,43785776,974152,36109,Tompkins (0500000US36109)
0500000US49045,72698,,,TOO,17979556898,891073714,1448036,49045,Tooele (0500000US49045)
0500000US30101,4971,,,TOO,4959475392,78025726,1719566,30101,Toole (0500000US30101)
0500000US13279,27030,,,TOO,942788867,18076118,345220,13279,Toombs (0500000US13279)
0500000US35057,15045,,,TOR,8664061384,2316559,929112,35057,Torrance (0500000US35057)
0500000US38095,2162,,,TOW,2655029704,42795048,1034213,38095,Towner (0500000US38095)
0500000US13281,12493,,,TOW,431178090,13754198,351252,13281,Towns (0500000US13281)
0500000US38097,7997,,,TRA,2232235426,1462184,1034221,38097,Traill (0500000US38097)
0500000US37175,32986,,,TRA,979943598,5091023,1008589,37175,Transylvania (0500000US37175)
0500000US27155,3360,,,TRA,1486320974,31025234,659522,27155,Traverse (0500000US27155)
0500000US48453,1290188,,,TRA,2574625805,80180765,1384012,48453,Travis (0500000US48453)
0500000US30103,762,,,TRE,2532492072,17149960,1719563,30103,Treasure (0500000US30103)
0500000US20195,2808,,,TRE,2303727352,26281951,485058,20195,Trego (0500000US20195)
0500000US55121,30760,,,TRE,1898383310,23321910,1581120,55121,Trempealeau (0500000US55121)
0500000US13283,6406,,,TRE,516524095,7810908,347505,13283,Treutlen (0500000US13283)
0500000US21221,14061,,,TRI,1143489745,103147003,516957,21221,Trigg (0500000US21221)
0500000US21223,8474,,,TRI,392766463,11214924,516958,21223,Trimble (0500000US21223)
0500000US06105,16112,,,TRI,8234265080,73407950,277317,6105,Trinity (0500000US06105)
0500000US48455,13602,,,TRI,1796920726,52260791,1384013,48455,Trinity (0500000US48455)
0500000US46123,5624,,,TRI,4176247413,13272783,1265784,46123,Tripp (0500000US46123)
0500000US13285,69426,,,TRO,1072278217,82757751,1673298,13285,Troup (0500000US13285)
0500000US47169,11615,,,TRO,296143586,5960709,1648581,47169,Trousdale (0500000US47169)
0500000US39155,201977,,,TRU,1600873954,47856112,1074089,39155,Trumbull (0500000US39155)
0500000US54093,6762,,,TUC,1085320044,5303786,1689423,54093,Tucker (0500000US54093)
0500000US06107,473117,,,TUL,12493840854,37260863,277318,6107,Tulare (0500000US06107)
0500000US40143,669279,,,TUL,1476856539,42986116,1101859,40143,Tulsa (0500000US40143)
0500000US28143,9782,,,TUN,1176191638,57012297,695792,28143,Tunica (0500000US28143)
0500000US06109,55620,,,TUO,5752133238,138668837,277319,6109,Tuolumne (0500000US06109)
0500000US13287,9006,,,TUR,739227758,11818093,343238,13287,Turner (0500000US13287)
0500000US46125,8673,,,TUR,1598188442,1636386,1265770,46125,Turner (0500000US46125)
0500000US01125,227036,,,TUS,3420980817,78702670,161588,1125,Tuscaloosa (0500000US01125)
0500000US39157,93263,,,TUS,1469575828,10363325,1074090,39157,Tuscarawas (0500000US39157)
0500000US26157,53323,,,TUS,2084554697,282463217,1623019,26157,Tuscola (0500000US26157)
0500000US13289,8022,,,TWI,930478093,8740237,345456,13289,Twiggs (0500000US13289)
0500000US16083,90046,,,TWI,4977216128,18060754,399334,16083,Twin Falls (0500000US16083)
0500000US48457,19798,,,TYL,2394158684,29093511,1384014,48457,Tyler (0500000US48457)
0500000US54095,8313,,,TYL,663818560,11382160,1678706,54095,Tyler (0500000US54095)
0500000US37177,3245,,,TYR,1012106669,534571696,1026332,37177,Tyrrell (0500000US37177)
0500000US56041,20450,,,UIN,5391631765,16625817,1605084,56041,Uinta (0500000US56041)
0500000US49047,35620,,,UIN,11609319393,56115801,1448037,49047,Uintah (0500000US49047)
0500000US36111,181851,,,ULS,2911757764,94596811,974153,36111,Ulster (0500000US36111)
0500000US41059,80075,,,UMA,8327976998,41618632,1156673,41059,Umatilla (0500000US41059)
0500000US47171,17928,,,UNI,481902934,825726,1648582,47171,Unicoi (0500000US47171)
0500000US05139,39054,,,UNI,2691171273,42102269,69903,5139,Union (0500000US05139)
0500000US12125,16147,,,UNI,630804541,16049423,306913,12125,Union (0500000US12125)
0500000US13291,24632,,,UNI,834197317,18082752,353193,13291,Union (0500000US13291)
0500000US17181,17244,,,UNI,1070731267,22540420,1785113,17181,Union (0500000US17181)
0500000US18161,7087,,,UNI,417480470,10326625,450395,18161,Union (0500000US18161)
0500000US19175,12138,,,UNI,1097235802,5575854,465276,19175,Union (0500000US19175)
0500000US21225,13668,,,UNI,887813999,52903376,516959,21225,Union (0500000US21225)
0500000US22111,21107,,,UNI,2271159651,73649840,559528,22111,Union (0500000US22111)
0500000US28145,27777,,,UNI,1076417818,3369003,695793,28145,Union (0500000US28145)
0500000US34039,575345,,,UNI,266163567,6847407,882235,34039,Union (0500000US34039)
0500000US35059,4079,,,UNI,9906834380,15498790,929115,35059,Union (0500000US35059)
0500000US37179,238267,,,UNI,1638781163,17889220,1008590,37179,Union (0500000US37179)
0500000US39159,62784,,,UNI,1118250204,13288885,1074091,39159,Union (0500000US39159)
0500000US41061,26196,,,UNI,5275651494,4936782,1164165,41061,Union (0500000US41061)
0500000US42119,42681,,,UNI,818313044,4622034,1213689,42119,Union (0500000US42119)
0500000US45087,27244,,,UNI,1330180037,4792745,1248017,45087,Union (0500000US45087)
0500000US46127,16811,,,UNI,1193354523,16502827,1265763,46127,Union (0500000US46127)
0500000US47173,19802,,,UNI,579077905,61005196,1648583,47173,Union (0500000US47173)
0500000US48459,40892,,,UPS,1509910834,24878112,1384015,48459,Upshur (0500000US48459)
0500000US54097,23816,,,UPS,918506904,302703,1696800,54097,Upshur (0500000US54097)
0500000US13293,27700,,,UPS,837774876,10585407,346759,13293,Upson (0500000US13293)
0500000US48461,3308,,,UPT,3215010597,464309,1384016,48461,Upton (0500000US48461)
0500000US49049,659399,,,UTA,5190543922,362967850,1448038,49049,Utah (0500000US49049)
0500000US48463,24564,,,UVA,4019458733,17382915,1384017,48463,Uvalde (0500000US48463)
0500000US48465,47586,,,VAL,8144863966,227711025,1384018,48465,Val Verde (0500000US48465)
0500000US35061,76205,,,VAL,2762854197,2760089,933052,35061,Valencia (0500000US35061)
0500000US16085,11746,,,VAL,9492613296,177110436,399756,16085,Valley (0500000US16085)
0500000US30105,7578,,,VAL,12758577238,351384872,1678923,30105,Valley (0500000US30105)
0500000US31175,4059,,,VAL,1471402764,6076916,835909,31175,Valley (0500000US31175)
0500000US05141,15796,,,VAN,1837758471,37208243,69904,5141,Van Buren (0500000US05141)
0500000US19177,7203,,,VAN,1255605714,14880499,465277,19177,Van Buren (0500000US19177)
0500000US26159,75587,,,VAN,1574177246,1248660328,1623020,26159,Van Buren (0500000US26159)
0500000US47175,6168,,,VAN,708142395,2893456,1648584,47175,Van Buren (0500000US47175)
0500000US39161,28931,,,VAN,1059692855,3287921,1074092,39161,Van Wert (0500000US39161)
0500000US48467,59541,,,VAN,2182250335,44149754,1384019,48467,Van Zandt (0500000US48467)
0500000US37181,42578,,,VAN,653701481,42190675,1008591,37181,Vance (0500000US37181)
0500000US18163,180136,,,VAN,604506361,8955935,450396,18163,Vanderburgh (0500000US18163)
0500000US42121,50454,,,VEN,1746337768,22149577,1213690,42121,Venango (0500000US42121)
0500000US06111,843843,,,VEN,4767622161,947345735,277320,6111,Ventura (0500000US06111)
0500000US17183,74188,,,VER,2326634937,7531157,1785114,17183,Vermilion (0500000US17183)
0500000US22113,57359,,,VER,3039650774,954683407,559538,22113,Vermilion (0500000US22113)
0500000US18165,15439,,,VER,665275343,7895064,450397,18165,Vermillion (0500000US18165)
0500000US22115,48750,,,VER,3436185697,35140841,559548,22115,Vernon (0500000US22115)
0500000US29219,35532,,,VER,1110041990,23776605,758562,29219,Vernon (0500000US29219)
0500000US55123,30714,,,VER,2050136139,64289089,1581121,55123,Vernon (0500000US55123)
0500000US48469,91319,,,VIC,2284644884,17425944,1384020,48469,Victoria (0500000US48469)
0500000US18167,106153,,,VIG,1045373538,17688023,450398,18167,Vigo (0500000US18167)
0500000US55125,23047,,,VIL,2221459142,414414740,1581122,55125,Vilas (0500000US55125)
0500000US39163,12800,,,VIN,1068008168,6781751,1074093,39163,Vinton (0500000US39163)
0500000US51750,16070,,,VIR,25061727,858278,1498438,51750,Virginia Beach (0500000US51750)
0500000US12127,553543,,,VOL,2852382099,857613983,306921,12127,Volusia (0500000US12127)
0500000US17185,11361,,,WAB,578403995,10973569,424293,17185,Wabash (0500000US17185)
0500000US18169,30976,,,WAB,1068471112,21851091,450399,18169,Wabash (0500000US18169)
0500000US27157,21387,,,WAB,1354362715,68875473,659523,27157,Wabasha (0500000US27157)
0500000US20197,6877,,,WAB,2057320864,13845234,485059,20197,Wabaunsee (0500000US20197)
0500000US27159,14065,,,WAD,1389132780,18009881,659524,27159,Wadena (0500000US27159)
0500000US40145,80981,,,WAG,1455356140,74815302,1101860,40145,Wagoner (0500000US40145)
0500000US53069,4422,,,WAH,680976231,61568965,1513275,53069,Wahkiakum (0500000US53069)
0500000US37183,1129410,,,WAK,2161639293,58012743,1008592,37183,Wake (0500000US37183)
0500000US12129,33764,,,WAK,1570615734,804111188,306912,12129,Wakulla (0500000US12129)
0500000US23027,39607,,,WAL,1890616317,318014823,581299,23027,Waldo (0500000US23027)
0500000US01127,65342,,,WAL,2048757699,36683003,161589,1127,Walker (0500000US01127)
0500000US13295,67654,,,WAL,1156145203,1672676,354216,13295,Walker (0500000US13295)
0500000US48471,76400,,,WAL,2031126325,44745757,1384021,48471,Walker (0500000US48471)
0500000US53071,62584,,,WAL,3289370358,74932288,1531819,53071,Walla Walla (0500000US53071)
0500000US20199,1512,,,WAL,2366348285,140936,485060,20199,Wallace (0500000US20199)
0500000US48473,56794,,,WAL,1329431564,11827973,1384022,48473,Waller (0500000US48473)
0500000US41063,7391,,,WAL,8147835333,14191752,1155135,41063,Wallowa (0500000US41063)
0500000US38099,10563,,,WAL,3319346393,32181392,1034214,38099,Walsh (0500000US38099)
0500000US28147,13884,,,WAL,1046169275,1236552,695794,28147,Walthall (0500000US28147)
0500000US12131,75305,,,WAL,2689161751,961293452,295727,12131,Walton (0500000US12131)
0500000US13297,96673,,,WAL,846461358,8234412,351264,13297,Walton (0500000US13297)
0500000US46129,5315,,,WAL,1832300801,96288709,1266973,46129,Walworth (0500000US46129)
0500000US55127,106478,,,WAL,1438448435,54928965,1581123,55127,Walworth (0500000US55127)
0500000US19179,35437,,,WAP,1118466714,10822775,465278,19179,Wapello (0500000US19179)
0500000US38101,69919,,,WAR,5213719158,111244414,1034231,38101,Ward (0500000US38101)
0500000US48475,11644,,,WAR,2164201061,624206,1384023,48475,Ward (0500000US48475)
0500000US13299,36251,,,WAR,2329020623,22655303,357722,13299,Ware (0500000US13299)
0500000US13301,5215,,,WAR,736483608,6034478,347777,13301,Warren (0500000US13301)
0500000US17187,16835,,,WAR,1404768301,1672625,1785134,17187,Warren (0500000US17187)
0500000US18171,8440,,,WAR,944543938,4442757,450400,18171,Warren (0500000US18171)
0500000US19181,52403,,,WAR,1475408404,8645070,465279,19181,Warren (0500000US19181)
0500000US21227,134554,,,WAR,1403047232,15137830,516960,21227,Warren (0500000US21227)
0500000US28149,44722,,,WAR,1524286572,77759819,695795,28149,Warren (0500000US28149)
0500000US29221,23514,,,WAR,1968043965,6791224,758563,29221,Warren (0500000US29221)
0500000US34041,109632,,,WAR,923435921,15822933,882237,34041,Warren (0500000US34041)
0500000US36113,65737,,,WAR,2246093480,166839689,974154,36113,Warren (0500000US36113)
0500000US37185,18642,,,WAR,1112117461,38615564,1008593,37185,Warren (0500000US37185)
0500000US39165,242337,,,WAR,1039691291,15679747,1074094,39165,Warren (0500000US39165)
0500000US42123,38587,,,WAR,2290280119,37368145,1213691,42123,Warren (0500000US42123)
0500000US47177,40953,,,WAR,1120619165,3524883,1639796,47177,Warren (0500000US47177)
0500000US51760,226610,,,WAR,155205067,6849165,1789073,51760,Warren (0500000US51760)
0500000US18173,63898,,,WAR,996739079,16078776,450335,18173,Warrick (0500000US18173)
0500000US49051,34788,,,WAS,3048452815,79128329,1448039,49051,Wasatch (0500000US49051)
0500000US41065,26670,,,WAS,6167113903,35722739,1155136,41065,Wasco (0500000US41065)
0500000US27161,18968,,,WAS,1096505122,24893714,659525,27161,Waseca (0500000US27161)
0500000US56043,7685,,,WAS,5798152471,10415890,1605085,56043,Washakie (0500000US56043)
0500000US55129,16623,,,WAS,2064515991,145563849,1581124,55129,Washburn (0500000US55129)
0500000US01129,15388,,,WAS,2797712949,21660030,161590,1129,Washington (0500000US01129)
0500000US05143,245871,,,WAS,2438398251,27945200,69905,5143,Washington (0500000US05143)
0500000US08121,4817,,,WAS,6521806795,15207397,198176,8121,Washington (0500000US08121)
0500000US12133,25318,,,WAS,1514305979,81008171,295762,12133,Washington (0500000US12133)
0500000US13303,19988,,,WAS,1757373959,15099021,348428,13303,Washington (0500000US13303)
0500000US16087,10500,,,WAS,3762870369,53228012,399757,16087,Washington (0500000US16087)
0500000US17189,13761,,,WAS,1457120172,3386079,1785150,17189,Washington (0500000US17189)
0500000US18175,28182,,,WAS,1330444043,7529046,451665,18175,Washington (0500000US18175)
0500000US19183,22565,,,WAS,1473258536,5339036,465280,19183,Washington (0500000US19183)
0500000US20201,5530,,,WAS,2317414332,10139473,485061,20201,Washington (0500000US20201)
0500000US21229,12027,,,WAS,769154197,10947539,516961,21229,Washington (0500000US21229)
0500000US22117,45463,,,WAS,1734352072,16140411,559557,22117,Washington (0500000US22117)
0500000US23029,31095,,,WAS,6637440977,1799875488,581300,23029,Washington (0500000US23029)
0500000US24045,103588,,,WAS,969767208,66764613,1668606,24045,Washington (0500000US24045)
0500000US27163,267568,,,WAS,996415260,99954115,659526,27163,Washington (0500000US27163)
0500000US28151,44922,,,WAS,1875077589,94257003,695796,28151,Washington (0500000US28151)
0500000US29223,10974,,,WAS,1966281378,38535344,758564,29223,Washington (0500000US29223)
0500000US31177,20865,,,WAS,1009985089,8392879,835910,31177,Washington (0500000US31177)
0500000US36115,61302,,,WAS,2152770306,38126377,974155,36115,Washington (0500000US36115)
0500000US37187,11003,,,WAS,897456201,195282199,1026331,37187,Washington (0500000US37187)
0500000US39167,59771,,,WAS,1636805226,20784952,1074095,39167,Washington (0500000US39167)
0500000US40147,52455,,,WAS,1076201529,22871165,1101861,40147,Washington (0500000US40147)
0500000US41067,600372,,,WAS,1875855591,6118186,1155137,41067,Washington (0500000US41067)
0500000US42125,209349,,,WAS,2219644652,9945723,1209190,42125,Washington (0500000US42125)
0500000US44009,129839,,,WAS,852827571,604769755,1219782,44009,Washington (0500000US44009)
0500000US47179,133001,,,WAS,845756036,8485270,1639797,47179,Washington (0500000US47179)
0500000US48477,35805,,,WAS,1564855487,45471320,1384024,48477,Washington (0500000US48477)
0500000US49053,180279,,,WAS,6287037041,7781671,1448040,49053,Washington (0500000US49053)
0500000US50023,59807,,,WAS,1779477072,21517931,1461768,50023,Washington (0500000US50023)
0500000US51770,100011,,,WAS,110129436,855753,1498439,51770,Washington (0500000US51770)
0500000US55131,136761,,,WAS,1115362166,12999404,1581125,55131,Washington (0500000US55131)
0500000US40149,10924,,,WAS,2597989577,14579003,1101862,40149,Washita (0500000US40149)
0500000US32033,9080,,,WAS,23016356483,23426584,858615,32033,Washoe (0500000US32033)
0500000US26161,372258,,,WAS,1828539718,42523319,1623021,26161,Washtenaw (0500000US26161)
0500000US37189,54086,,,WAT,809214848,2271720,1008594,37189,Watauga (0500000US37189)
0500000US27165,11253,,,WAT,1126508687,12387832,659527,27165,Watonwan (0500000US27165)
0500000US55133,406978,,,WAU,1423769973,79817326,1581126,55133,Waukesha (0500000US55133)
0500000US55135,51812,,,WAU,1936521055,45270535,1581127,55135,Waupaca (0500000US55135)
0500000US55137,24520,,,WAU,1621749913,29096948,1581128,55137,Waushara (0500000US55137)
0500000US13305,30144,,,WAY,1662287070,17768149,350608,13305,Wayne (0500000US13305)
0500000US17191,16179,,,WAY,1848810380,4224962,424296,17191,Wayne (0500000US17191)
0500000US18177,66553,,,WAY,1040539270,6701974,450336,18177,Wayne (0500000US18177)
0500000US19185,6497,,,WAY,1360957553,4272458,465281,19185,Wayne (0500000US19185)
0500000US21231,19555,,,WAY,1186690752,67283816,516962,21231,Wayne (0500000US21231)
0500000US26163,1793561,,,WAY,1584700910,157700644,1623022,26163,Wayne (0500000US26163)
0500000US28153,19779,,,WAY,2099745602,7255476,695797,28153,Wayne (0500000US28153)
0500000US29225,39085,,,WAY,1534731572,3109281,758565,29225,Wayne (0500000US29225)
0500000US31179,9697,,,WAY,1147147001,1084590,835911,31179,Wayne (0500000US31179)
0500000US36117,91283,,,WAY,1563912969,2018185131,974156,36117,Wayne (0500000US36117)
0500000US37191,117333,,,WAY,1434651139,9842326,1026128,37191,Wayne (0500000US37191)
0500000US39169,116894,,,WAY,1436897055,5040384,1074096,39169,Wayne (0500000US39169)
0500000US42127,51155,,,WAY,1879734030,64785676,1213692,42127,Wayne (0500000US42127)
0500000US47181,16232,,,WAY,1901333937,4023436,1639798,47181,Wayne (0500000US47181)
0500000US49055,2486,,,WAY,6374011495,15049641,1448041,49055,Wayne (0500000US49055)
0500000US54099,38982,,,WAY,1310547891,15816947,1550056,54099,Wayne (0500000US54099)
0500000US51775,25346,,,WAY,37593968,275156,1789074,51775,Waynesboro (0500000US51775)
0500000US47183,32902,,,WEA,1503107797,3707114,1639799,47183,Weakley (0500000US47183)
0500000US48479,267114,,,WEB,8706187276,36554555,1384025,48479,Webb (0500000US48479)
0500000US49057,262223,,,WEB,1492541890,216440007,1448042,49057,Weber (0500000US49057)
0500000US13307,2348,,,WEB,543010089,2338844,352287,13307,Webster (0500000US13307)
0500000US19187,36999,,,WEB,1853670894,7269394,465282,19187,Webster (0500000US19187)
0500000US21233,13017,,,WEB,860132087,9211730,516963,21233,Webster (0500000US21233)
0500000US22119,36967,,,WEB,1536614989,56020319,559567,22119,Webster (0500000US22119)
0500000US28155,9926,,,WEB,1090793744,5364862,695798,28155,Webster (0500000US28155)
0500000US29227,1973,,,WEB,690564983,493903,758566,29227,Webster (0500000US29227)
0500000US31181,3395,,,WEB,1489017943,337241,835912,31181,Webster (0500000US31181)
0500000US54101,8378,,,WEB,1433479488,7146543,1550057,54101,Webster (0500000US54101)
0500000US08123,328981,,,WEL,10320973907,82348720,198177,8123,Weld (0500000US08123)
0500000US18179,28180,,,WEL,953341275,5596377,450337,18179,Wells (0500000US18179)
0500000US38103,3982,,,WEL,3290664846,51166900,1034204,38103,Wells (0500000US38103)
0500000US22121,27199,,,WES,498174685,29604699,559570,22121,West Baton Rouge (0500000US22121)
0500000US22123,9751,,,WES,931582171,2386489,559578,22123,West Carroll (0500000US22123)
0500000US22125,15310,,,WES,1044584261,58751920,559584,22125,West Feliciana (0500000US22125)
0500000US36119,1004457,,,WES,1115568226,179637635,974157,36119,Westchester (0500000US36119)
0500000US42129,354663,,,WES,2661762744,21294228,1209191,42129,Westmoreland (0500000US42129)
0500000US51790,25750,,,WES,51593819,147694,1789075,51790,Westmoreland (0500000US51790)
0500000US56045,6838,,,WES,6210804121,5225499,1605086,56045,Weston (0500000US56045)
0500000US54103,14442,,,WET,927389119,8449879,1717836,54103,Wetzel (0500000US54103)
0500000US26165,33673,,,WEX,1463148677,27182043,1623023,26165,Wexford (0500000US26165)
0500000US48481,41570,,,WHA,2813095080,21310003,1384026,48481,Wharton (0500000US48481)
0500000US53073,226847,,,WHA,5459483486,1028111662,1529224,53073,Whatcom (0500000US53073)
0500000US30107,2069,,,WHE,3684208396,13010928,1719560,30107,Wheatland (0500000US30107)
0500000US13309,7471,,,WHE,765314383,12377032,351278,13309,Wheeler (0500000US13309)
0500000US31183,774,,,WHE,1489717901,1059454,835913,31183,Wheeler (0500000US31183)
0500000US41069,1451,,,WHE,4444475029,1241033,1135865,41069,Wheeler (0500000US41069)
0500000US48483,4990,,,WHE,2368629232,2455912,1384027,48483,Wheeler (0500000US48483)
0500000US05145,76822,,,WHI,2678251420,20554640,69906,5145,White (0500000US05145)
0500000US13311,28003,,,WHI,623524633,3917258,326781,13311,White (0500000US13311)
0500000US17193,13877,,,WHI,1281999217,17833682,424297,17193,White (0500000US17193)
0500000US18181,24688,,,WHI,1308303899,9169176,450338,18181,White (0500000US18181)
0500000US47185,27351,,,WHI,975592109,7113368,1639800,47185,White (0500000US47185)
0500000US32510,58639,,,WHI,374341372,32594082,863219,32510,White Pine (0500000US32510)
0500000US17195,55691,,,WHI,1771808919,31883751,1785167,17195,Whiteside (0500000US17195)
0500000US13313,102864,,,WHI,752248663,1579031,353513,13313,Whitfield (0500000US13313)
0500000US18183,34191,,,WHI,869117984,6076514,450369,18183,Whitley (0500000US18183)
0500000US21235,36712,,,WHI,1133977400,18874532,516964,21235,Whitley (0500000US21235)
0500000US53075,47973,,,WHI,5592463291,48246698,1533501,53075,Whitman (0500000US53075)
0500000US30109,937,,,WIB,2303979500,1756846,1696629,30109,Wibaux (0500000US30109)
0500000US20203,2152,,,WIC,1861078197,61987,485062,20203,Wichita (0500000US20203)
0500000US48485,129350,,,WIC,1625459966,13644166,1384028,48485,Wichita (0500000US48485)
0500000US24047,52460,,,WIC,1213156434,586531107,1668802,24047,Wicomico (0500000US24047)
0500000US48487,12887,,,WIL,2514738100,18202665,1384029,48487,Wilbarger (0500000US48487)
0500000US01131,10600,,,WIL,2299540559,50592191,161591,1131,Wilcox (0500000US01131)
0500000US13315,8766,,,WIL,978525378,11147628,345499,13315,Wilcox (0500000US13315)
0500000US13317,9565,,,WIL,1216001422,11896927,351265,13317,Wilkes (0500000US13317)
0500000US37193,65969,,,WIL,1952020335,6854041,1008595,37193,Wilkes (0500000US37193)
0500000US27167,6506,,,WIL,1945179856,480470,659528,27167,Wilkin (0500000US27167)
0500000US13319,8877,,,WIL,1163459876,7084800,346824,13319,Wilkinson (0500000US13319)
0500000US28157,8587,,,WIL,1756287539,25018736,695799,28157,Wilkinson (0500000US28157)
0500000US17197,696355,,,WIL,2164908073,34569887,1785190,17197,Will (0500000US17197)
0500000US48489,20164,,,WIL,1529652214,502884780,1384030,48489,Willacy (0500000US48489)
0500000US38105,40950,,,WIL,5380959392,181836633,1035306,38105,Williams (0500000US38105)
0500000US39171,37102,,,WIL,1089503875,6299797,1074097,39171,Williams (0500000US39171)
0500000US45089,31026,,,WIL,2419477521,7461492,1248018,45089,Williamsburg (0500000US45089)
0500000US51800,94324,,,WIL,1033819022,77045664,1498560,51800,Williamsburg (0500000US51800)
0500000US17199,67153,,,WIL,1088338913,62470509,1785215,17199,Williamson (0500000US17199)
0500000US47187,247726,,,WIL,1509607196,3017704,1639801,47187,Williamson (0500000US47187)
0500000US48491,609017,,,WIL,2890001231,41563379,1384031,48491,Williamson (0500000US48491)
0500000US20205,8624,,,WIL,1477385742,12048762,485063,20205,Wilson (0500000US20205)
0500000US37195,78784,,,WIL,952013027,14332439,1008596,37195,Wilson (0500000US37195)
0500000US47189,147737,,,WIL,1478548410,32071810,1639802,47189,Wilson (0500000US47189)
0500000US48493,49753,,,WIL,2081662650,12111507,1384032,48493,Wilson (0500000US48493)
0500000US51810,459470,,,WIN,633828628,654687365,1498559,51810,Winchester (0500000US51810)
0500000US09015,116418,,,WIN,1328477631,21478813,212801,9015,Windham (0500000US09015)
0500000US50025,45905,,,WIN,2035623287,32917039,1461769,50025,Windham (0500000US50025)
0500000US50027,57753,,,WIN,2510071977,19366112,1461770,50027,Windsor (0500000US50027)
0500000US48495,7791,,,WIN,2178876165,19838,1384033,48495,Winkler (0500000US48495)
0500000US22127,13755,,,WIN,2460497667,17449604,559594,22127,Winn (0500000US22127)
0500000US17201,285350,,,WIN,1328792558,15873993,1785216,17201,Winnebago (0500000US17201)
0500000US19189,10679,,,WIN,1037261956,3182049,465283,19189,Winnebago (0500000US19189)
0500000US55139,171730,,,WIN,1125859770,372631716,1581129,55139,Winnebago (0500000US55139)
0500000US19191,20070,,,WIN,1786666617,745729,465284,19191,Winneshiek (0500000US19191)
0500000US27169,49671,,,WIN,1621791138,40051870,659529,27169,Winona (0500000US27169)
0500000US01133,23540,,,WIN,1587657470,48873867,161592,1133,Winston (0500000US01133)
0500000US28159,17714,,,WIN,1572773194,7341897,695800,28159,Winston (0500000US28159)
0500000US54105,5194,,,WIR,602201078,5839709,1678877,54105,Wirt (0500000US54105)
0500000US48497,68632,,,WIS,2342372267,47035843,1384034,48497,Wise (0500000US48497)
0500000US51820,22196,,,WIS,38771593,364644,1498443,51820,Wise (0500000US51820)
0500000US21237,6562,,,WOL,575419135,1505160,516965,21237,Wolfe (0500000US21237)
0500000US39173,132248,,,WOO,1598441996,8718771,1074098,39173,Wood (0500000US39173)
0500000US48499,44843,,,WOO,1671172155,130731203,1384035,48499,Wood (0500000US48499)
0500000US54107,84296,,,WOO,949229779,26590767,1560558,54107,Wood (0500000US54107)
0500000US55141,74207,,,WOO,2053959984,41993013,1581130,55141,Wood (0500000US55141)
0500000US19193,105941,,,WOO,2260790943,12793700,465285,19193,Woodbury (0500000US19193)
0500000US17203,38467,,,WOO,1366365782,39859804,1785231,17203,Woodford (0500000US17203)
0500000US21239,26871,,,WOO,492411608,4907895,516966,21239,Woodford (0500000US21239)
0500000US05147,6269,,,WOO,1517642898,21058193,69907,5147,Woodruff (0500000US05147)
0500000US40151,8624,,,WOO,3331971784,9081295,1101863,40151,Woods (0500000US40151)
0500000US20207,3115,,,WOO,1289344338,19254559,485064,20207,Woodson (0500000US20207)
0500000US40153,20470,,,WOO,3218801191,9693573,1101864,40153,Woodward (0500000US40153)
0500000US24510,585708,,,WOR,209649327,28758743,1702381,24510,Worcester (0500000US24510)
0500000US25027,862111,,,WOR,3912618040,177370899,606940,25027,Worcester (0500000US25027)
0500000US13321,20784,,,WOR,1478137692,10471700,343365,13321,Worth (0500000US13321)
0500000US19195,7443,,,WOR,1036314929,4709127,465286,19195,Worth (0500000US19195)
0500000US29229,18188,,,WOR,1765788195,3525240,758567,29229,Worth (0500000US29229)
0500000US19197,12943,,,WRI,1503260259,4703964,465287,19197,Wright (0500000US19197)
0500000US27171,141337,,,WRI,1712394405,137711642,659530,27171,Wright (0500000US27171)
0500000US29510,301578,,,WRI,159896485,11563208,767557,29510,Wright (0500000US29510)
0500000US39175,21900,,,WYA,1053812244,1783532,1074099,39175,Wyandot (0500000US39175)
0500000US20209,169245,,,WYA,392739381,11801597,485065,20209,Wyandotte (0500000US20209)
0500000US36121,40531,,,WYO,1535219438,9158067,974158,36121,Wyoming (0500000US36121)
0500000US42131,26069,,,WYO,1028873829,20040006,1209192,42131,Wyoming (0500000US42131)
0500000US54109,21382,,,WYO,1293620955,6083278,1550061,54109,Wyoming (0500000US54109)
0500000US51830,15425,,,WYT,23149770,416905,1789076,51830,Wythe (0500000US51830)
0500000US37197,37214,,,YAD,867496112,7176192,1008597,37197,Yadkin (0500000US37197)
0500000US53077,256728,,,YAK,11122734368,41188783,1531929,53077,Yakima (0500000US53077)
0500000US28161,12481,,,YAL,1209914676,72140595,695801,28161,Yalobusha (0500000US28161)
0500000US41071,107722,,,YAM,1854279939,6381028,1135866,41071,Yamhill (0500000US41071)
0500000US37199,18470,,,YAN,809610024,1524558,1008598,37199,Yancey (0500000US37199)
0500000US46135,23310,,,YAN,1349873577,28676615,1266975,46135,Yankton (0500000US46135)
0500000US36123,24774,,,YAT,875777224,97488350,974159,36123,Yates (0500000US36123)
0500000US04025,236209,,,YAV,21038299574,11356180,42809,4025,Yavapai (0500000US04025)
0500000US28163,26743,,,YAZ,2388847327,30612555,695802,28163,Yazoo (0500000US28163)
0500000US05149,20263,,,YEL,2409234392,46381281,69908,5149,Yell (0500000US05149)
0500000US27173,9528,,,YEL,1966062964,10687958,659531,27173,Yellow Medicine (0500000US27173)
0500000US30111,164731,,,YEL,6820650795,39944760,1719558,30111,Yellowstone (0500000US30111)
0500000US48501,7694,,,YOA,2071252479,34329,1384036,48501,Yoakum (0500000US48501)
0500000US06113,216403,,,YOL,2628145869,22877242,277321,6113,Yolo (0500000US06113)
0500000US23031,211972,,,YOR,2567159623,721379327,581301,23031,York (0500000US23031)
0500000US31185,14125,,,YOR,1482794063,8595055,835914,31185,York (0500000US31185)
0500000US42133,456438,,,YOR,2342295972,16503210,1209193,42133,York (0500000US42133)
0500000US45091,282090,,,YOR,1763872812,39009185,1248019,45091,York (0500000US45091)
0500000US51840,28120,,,YOR,23809500,54462,1789077,51840,York (0500000US51840)
0500000US48503,17867,,,YOU,2368539757,42371869,1384037,48503,Young (0500000US48503)
0500000US06115,81575,,,YUB,1636887865,31084093,277322,6115,Yuba (0500000US06115)
0500000US04027,203881,,,YUM,14280774791,13253159,23901,4027,Yuma (0500000US04027)
0500000US08125,9988,,,YUM,6123764029,11134194,198178,8125,Yuma (0500000US08125)
0500000US48505,13889,,,ZAP,2585876042,154371160,1384038,48505,Zapata (0500000US48505)
0500000US48507,9670,,,ZAV,3360268878,11208707,1384039,48507,Zavala (0500000US48507)
0500000US46137,2413,,,ZIE,5079608331,24212305,1266993,46137,Ziebach (0500000US46137)
